Linux 7.1.12-200.fc44.x86_64 (fedora) 	06/09/26 	_x86_64_	(16 CPU)

# Time        UID       PID    %usr %system  %guest   %wait    %CPU   CPU  minflt/s  majflt/s     VSZ     RSS   %MEM  Command
10:00:43 PM IST  1000     37042    1.00    0.00    0.00    0.00    1.00     5    482.00      0.00 2918908   48036   0.30  race-control

# Time        UID       PID    %usr %system  %guest   %wait    %CPU   CPU  minflt/s  majflt/s     VSZ     RSS   %MEM  Command
10:00:44 PM IST  1000     37042    1.00    0.00    0.00    0.00    1.00     5    278.00      0.00 2918908   49444   0.31  race-control

# Time        UID       PID    %usr %system  %guest   %wait    %CPU   CPU  minflt/s  majflt/s     VSZ     RSS   %MEM  Command
10:00:45 PM IST  1000     37042    1.00    0.00    0.00    0.00    1.00     5    485.00      0.00 2918908   50980   0.32  race-control

# Time        UID       PID    %usr %system  %guest   %wait    %CPU   CPU  minflt/s  majflt/s     VSZ     RSS   %MEM  Command
10:00:46 PM IST  1000     37042    2.00    0.00    0.00    0.00    2.00     5    449.00      0.00 2918972   52772   0.33  race-control

# Time        UID       PID    %usr %system  %guest   %wait    %CPU   CPU  minflt/s  majflt/s     VSZ     RSS   %MEM  Command
10:00:47 PM IST  1000     37042    1.00    0.00    0.00    0.00    1.00     5     10.00      0.00 2918972   52772   0.33  race-control

# Time        UID       PID    %usr %system  %guest   %wait    %CPU   CPU  minflt/s  majflt/s     VSZ     RSS   %MEM  Command
10:00:48 PM IST  1000     37042    1.00    0.00    0.00    0.00    1.00     5      7.00      0.00 2918972   53028   0.33  race-control

# Time        UID       PID    %usr %system  %guest   %wait    %CPU   CPU  minflt/s  majflt/s     VSZ     RSS   %MEM  Command
10:00:49 PM IST  1000     37042    2.00    0.00    0.00    0.00    2.00     5      7.00      0.00 2918972   53028   0.33  race-control

# Time        UID       PID    %usr %system  %guest   %wait    %CPU   CPU  minflt/s  majflt/s     VSZ     RSS   %MEM  Command
10:00:50 PM IST  1000     37042    1.00    1.00    0.00    0.00    2.00     5      7.00      0.00 2918972   53028   0.33  race-control

# Time        UID       PID    %usr %system  %guest   %wait    %CPU   CPU  minflt/s  majflt/s     VSZ     RSS   %MEM  Command
10:00:51 PM IST  1000     37042    1.00    0.00    0.00    0.00    1.00     5      6.00      0.00 2918972   53028   0.33  race-control

# Time        UID       PID    %usr %system  %guest   %wait    %CPU   CPU  minflt/s  majflt/s     VSZ     RSS   %MEM  Command
10:00:52 PM IST  1000     37042    1.00    0.00    0.00    0.00    1.00     5      7.00      0.00 2918972   53156   0.33  race-control

# Time        UID       PID    %usr %system  %guest   %wait    %CPU   CPU  minflt/s  majflt/s     VSZ     RSS   %MEM  Command
10:00:53 PM IST  1000     37042    2.00    0.00    0.00    0.00    2.00     5      8.00      0.00 2918972   53156   0.33  race-control

# Time        UID       PID    %usr %system  %guest   %wait    %CPU   CPU  minflt/s  majflt/s     VSZ     RSS   %MEM  Command
10:00:54 PM IST  1000     37042    1.00    0.00    0.00    0.00    1.00     5      8.00      0.00 2918972   53156   0.33  race-control

# Time        UID       PID    %usr %system  %guest   %wait    %CPU   CPU  minflt/s  majflt/s     VSZ     RSS   %MEM  Command
10:00:55 PM IST  1000     37042    1.00    0.00    0.00    0.00    1.00     5     10.00      0.00 2918972   53156   0.33  race-control

# Time        UID       PID    %usr %system  %guest   %wait    %CPU   CPU  minflt/s  majflt/s     VSZ     RSS   %MEM  Command
10:00:56 PM IST  1000     37042    1.00    0.00    0.00    0.00    1.00     5     10.00      0.00 2918972   53156   0.33  race-control

# Time        UID       PID    %usr %system  %guest   %wait    %CPU   CPU  minflt/s  majflt/s     VSZ     RSS   %MEM  Command
10:00:57 PM IST  1000     37042    1.00    0.00    0.00    0.00    1.00     5      8.00      0.00 2918972   53156   0.33  race-control

# Time        UID       PID    %usr %system  %guest   %wait    %CPU   CPU  minflt/s  majflt/s     VSZ     RSS   %MEM  Command
10:00:58 PM IST  1000     37042    1.00    0.00    0.00    0.00    1.00     5     35.00      0.00 2919036   53284   0.33  race-control

# Time        UID       PID    %usr %system  %guest   %wait    %CPU   CPU  minflt/s  majflt/s     VSZ     RSS   %MEM  Command
10:00:59 PM IST  1000     37042    2.00    1.00    0.00    0.00    3.00     5     53.00      0.00 2919108   53412   0.33  race-control

# Time        UID       PID    %usr %system  %guest   %wait    %CPU   CPU  minflt/s  majflt/s     VSZ     RSS   %MEM  Command
10:01:00 PM IST  1000     37042    2.00    0.00    0.00    0.00    2.00     5     10.00      0.00 2919108   53412   0.33  race-control

# Time        UID       PID    %usr %system  %guest   %wait    %CPU   CPU  minflt/s  majflt/s     VSZ     RSS   %MEM  Command
10:01:01 PM IST  1000     37042    1.00    0.00    0.00    0.00    1.00     5     18.00      0.00 2919108   53540   0.34  race-control

# Time        UID       PID    %usr %system  %guest   %wait    %CPU   CPU  minflt/s  majflt/s     VSZ     RSS   %MEM  Command
10:01:02 PM IST  1000     37042    1.00    0.00    0.00    0.00    1.00     5     42.00      0.00 2919108   53796   0.34  race-control

# Time        UID       PID    %usr %system  %guest   %wait    %CPU   CPU  minflt/s  majflt/s     VSZ     RSS   %MEM  Command
10:01:03 PM IST  1000     37042    1.00    0.00    0.00    0.00    1.00     5     11.00      0.00 2919108   53796   0.34  race-control

# Time        UID       PID    %usr %system  %guest   %wait    %CPU   CPU  minflt/s  majflt/s     VSZ     RSS   %MEM  Command
10:01:04 PM IST  1000     37042    1.00    1.00    0.00    0.00    2.00     5     16.00      0.00 2919108   53796   0.34  race-control

# Time        UID       PID    %usr %system  %guest   %wait    %CPU   CPU  minflt/s  majflt/s     VSZ     RSS   %MEM  Command
10:01:05 PM IST  1000     37042    1.00    0.00    0.00    0.00    1.00     5      7.00      0.00 2919108   53796   0.34  race-control

# Time        UID       PID    %usr %system  %guest   %wait    %CPU   CPU  minflt/s  majflt/s     VSZ     RSS   %MEM  Command
10:01:06 PM IST  1000     37042    1.00    0.00    0.00    0.00    1.00     5      7.00      0.00 2919108   53796   0.34  race-control

# Time        UID       PID    %usr %system  %guest   %wait    %CPU   CPU  minflt/s  majflt/s     VSZ     RSS   %MEM  Command
10:01:07 PM IST  1000     37042    1.00    0.00    0.00    0.00    1.00     5      7.00      0.00 2919108   53796   0.34  race-control

# Time        UID       PID    %usr %system  %guest   %wait    %CPU   CPU  minflt/s  majflt/s     VSZ     RSS   %MEM  Command
10:01:08 PM IST  1000     37042    1.00    0.00    0.00    0.00    1.00     5      6.00      0.00 2919108   53924   0.34  race-control

# Time        UID       PID    %usr %system  %guest   %wait    %CPU   CPU  minflt/s  majflt/s     VSZ     RSS   %MEM  Command
10:01:09 PM IST  1000     37042    1.00    1.00    0.00    0.00    2.00     5     12.00      0.00 2919108   53924   0.34  race-control

# Time        UID       PID    %usr %system  %guest   %wait    %CPU   CPU  minflt/s  majflt/s     VSZ     RSS   %MEM  Command
10:01:10 PM IST  1000     37042    1.00    0.00    0.00    0.00    1.00     5      7.00      0.00 2919108   53924   0.34  race-control

# Time        UID       PID    %usr %system  %guest   %wait    %CPU   CPU  minflt/s  majflt/s     VSZ     RSS   %MEM  Command
10:01:11 PM IST  1000     37042    1.00    0.00    0.00    0.00    1.00     5     42.00      0.00 2919108   54180   0.34  race-control

# Time        UID       PID    %usr %system  %guest   %wait    %CPU   CPU  minflt/s  majflt/s     VSZ     RSS   %MEM  Command
10:01:12 PM IST  1000     37042    1.00    0.00    0.00    0.00    1.00     5     21.00      0.00 2919108   54308   0.34  race-control

# Time        UID       PID    %usr %system  %guest   %wait    %CPU   CPU  minflt/s  majflt/s     VSZ     RSS   %MEM  Command
10:01:13 PM IST  1000     37042    2.00    0.00    0.00    0.00    2.00     5    144.00      0.00 2919172   54820   0.34  race-control

# Time        UID       PID    %usr %system  %guest   %wait    %CPU   CPU  minflt/s  majflt/s     VSZ     RSS   %MEM  Command
10:01:14 PM IST  1000     37042    1.00    0.00    0.00    0.00    1.00     5      9.00      0.00 2919172   54820   0.34  race-control

# Time        UID       PID    %usr %system  %guest   %wait    %CPU   CPU  minflt/s  majflt/s     VSZ     RSS   %MEM  Command
10:01:15 PM IST  1000     37042    2.00    0.00    0.00    0.00    2.00     5      6.00      0.00 2919172   54820   0.34  race-control

# Time        UID       PID    %usr %system  %guest   %wait    %CPU   CPU  minflt/s  majflt/s     VSZ     RSS   %MEM  Command
10:01:16 PM IST  1000     37042    1.00    0.00    0.00    0.00    1.00     5      6.00      0.00 2919172   54820   0.34  race-control

# Time        UID       PID    %usr %system  %guest   %wait    %CPU   CPU  minflt/s  majflt/s     VSZ     RSS   %MEM  Command
10:01:17 PM IST  1000     37042    1.00    0.00    0.00    0.00    1.00     5      7.00      0.00 2919172   54820   0.34  race-control

# Time        UID       PID    %usr %system  %guest   %wait    %CPU   CPU  minflt/s  majflt/s     VSZ     RSS   %MEM  Command
10:01:18 PM IST  1000     37042    1.00    0.00    0.00    0.00    1.00     5      5.00      0.00 2919172   54820   0.34  race-control

# Time        UID       PID    %usr %system  %guest   %wait    %CPU   CPU  minflt/s  majflt/s     VSZ     RSS   %MEM  Command
10:01:19 PM IST  1000     37042    1.00    1.00    0.00    0.00    2.00     5      6.00      0.00 2919172   54820   0.34  race-control

# Time        UID       PID    %usr %system  %guest   %wait    %CPU   CPU  minflt/s  majflt/s     VSZ     RSS   %MEM  Command
10:01:20 PM IST  1000     37042    1.00    0.00    0.00    0.00    1.00     5      6.00      0.00 2919172   54948   0.34  race-control

# Time        UID       PID    %usr %system  %guest   %wait    %CPU   CPU  minflt/s  majflt/s     VSZ     RSS   %MEM  Command
10:01:21 PM IST  1000     37042    1.00    0.00    0.00    0.00    1.00     5      6.00      0.00 2919172   54948   0.34  race-control

# Time        UID       PID    %usr %system  %guest   %wait    %CPU   CPU  minflt/s  majflt/s     VSZ     RSS   %MEM  Command
10:01:22 PM IST  1000     37042    1.00    0.00    0.00    0.00    1.00     5      5.00      0.00 2919172   54948   0.34  race-control

# Time        UID       PID    %usr %system  %guest   %wait    %CPU   CPU  minflt/s  majflt/s     VSZ     RSS   %MEM  Command
10:01:23 PM IST  1000     37042    1.00    0.00    0.00    0.00    1.00     5      7.00      0.00 2919172   54948   0.34  race-control

# Time        UID       PID    %usr %system  %guest   %wait    %CPU   CPU  minflt/s  majflt/s     VSZ     RSS   %MEM  Command
10:01:24 PM IST  1000     37042    1.00    0.00    0.00    0.00    1.00     5      6.00      0.00 2919172   54948   0.34  race-control

# Time        UID       PID    %usr %system  %guest   %wait    %CPU   CPU  minflt/s  majflt/s     VSZ     RSS   %MEM  Command
10:01:25 PM IST  1000     37042    1.00    0.00    0.00    0.00    1.00     5      7.00      0.00 2919172   54948   0.34  race-control

# Time        UID       PID    %usr %system  %guest   %wait    %CPU   CPU  minflt/s  majflt/s     VSZ     RSS   %MEM  Command
10:01:26 PM IST  1000     37042    1.00    1.00    0.00    0.00    2.00     5     51.00      0.00 2919300   55076   0.34  race-control

# Time        UID       PID    %usr %system  %guest   %wait    %CPU   CPU  minflt/s  majflt/s     VSZ     RSS   %MEM  Command
10:01:27 PM IST  1000     37042    2.00    0.00    0.00    0.00    2.00     5    113.00      0.00 2919300   55588   0.35  race-control

# Time        UID       PID    %usr %system  %guest   %wait    %CPU   CPU  minflt/s  majflt/s     VSZ     RSS   %MEM  Command
10:01:28 PM IST  1000     37042    1.00    0.00    0.00    0.00    1.00     5      6.00      0.00 2919300   55588   0.35  race-control

# Time        UID       PID    %usr %system  %guest   %wait    %CPU   CPU  minflt/s  majflt/s     VSZ     RSS   %MEM  Command
10:01:29 PM IST  1000     37042    0.99    0.00    0.00    0.00    0.99     5      5.94      0.00 2919300   55588   0.35  race-control

# Time        UID       PID    %usr %system  %guest   %wait    %CPU   CPU  minflt/s  majflt/s     VSZ     RSS   %MEM  Command
10:01:30 PM IST  1000     37042    1.00    0.00    0.00    0.00    1.00     5      5.00      0.00 2919300   55588   0.35  race-control

# Time        UID       PID    %usr %system  %guest   %wait    %CPU   CPU  minflt/s  majflt/s     VSZ     RSS   %MEM  Command
10:01:31 PM IST  1000     37042    1.00    1.00    0.00    0.00    2.00     5      6.00      0.00 2919300   55588   0.35  race-control

# Time        UID       PID    %usr %system  %guest   %wait    %CPU   CPU  minflt/s  majflt/s     VSZ     RSS   %MEM  Command
10:01:32 PM IST  1000     37042    1.00    0.00    0.00    0.00    1.00     5      7.00      0.00 2919300   55588   0.35  race-control

# Time        UID       PID    %usr %system  %guest   %wait    %CPU   CPU  minflt/s  majflt/s     VSZ     RSS   %MEM  Command
10:01:33 PM IST  1000     37042    1.00    0.00    0.00    0.00    1.00     5      7.00      0.00 2919300   55716   0.35  race-control

# Time        UID       PID    %usr %system  %guest   %wait    %CPU   CPU  minflt/s  majflt/s     VSZ     RSS   %MEM  Command
10:01:34 PM IST  1000     37042    0.00    0.00    0.00    0.00    0.00     5      6.00      0.00 2919300   55844   0.35  race-control

# Time        UID       PID    %usr %system  %guest   %wait    %CPU   CPU  minflt/s  majflt/s     VSZ     RSS   %MEM  Command
10:01:35 PM IST  1000     37042    1.00    1.00    0.00    0.00    2.00     5      6.00      0.00 2919300   55972   0.35  race-control

# Time        UID       PID    %usr %system  %guest   %wait    %CPU   CPU  minflt/s  majflt/s     VSZ     RSS   %MEM  Command
10:01:36 PM IST  1000     37042    1.00    0.00    0.00    0.00    1.00     5      6.00      0.00 2919300   55972   0.35  race-control

# Time        UID       PID    %usr %system  %guest   %wait    %CPU   CPU  minflt/s  majflt/s     VSZ     RSS   %MEM  Command
10:01:37 PM IST  1000     37042    1.00    0.00    0.00    0.00    1.00     5      6.00      0.00 2919300   55972   0.35  race-control

# Time        UID       PID    %usr %system  %guest   %wait    %CPU   CPU  minflt/s  majflt/s     VSZ     RSS   %MEM  Command
10:01:38 PM IST  1000     37042    0.00    1.00    0.00    0.00    1.00     5      6.00      0.00 2919300   55972   0.35  race-control

# Time        UID       PID    %usr %system  %guest   %wait    %CPU   CPU  minflt/s  majflt/s     VSZ     RSS   %MEM  Command
10:01:39 PM IST  1000     37042    1.00    0.00    0.00    0.00    1.00     5      5.00      0.00 2919300   55972   0.35  race-control

# Time        UID       PID    %usr %system  %guest   %wait    %CPU   CPU  minflt/s  majflt/s     VSZ     RSS   %MEM  Command
10:01:40 PM IST  1000     37042    1.00    0.00    0.00    0.00    1.00     5      9.00      0.00 2919300   55972   0.35  race-control

# Time        UID       PID    %usr %system  %guest   %wait    %CPU   CPU  minflt/s  majflt/s     VSZ     RSS   %MEM  Command
10:01:41 PM IST  1000     37042    2.00    0.00    0.00    0.00    2.00     5     70.00      0.00 2919300   56228   0.35  race-control

# Time        UID       PID    %usr %system  %guest   %wait    %CPU   CPU  minflt/s  majflt/s     VSZ     RSS   %MEM  Command
10:01:42 PM IST  1000     37042    1.00    0.00    0.00    0.00    1.00     5      6.00      0.00 2919300   56228   0.35  race-control

# Time        UID       PID    %usr %system  %guest   %wait    %CPU   CPU  minflt/s  majflt/s     VSZ     RSS   %MEM  Command
10:01:43 PM IST  1000     37042    1.00    1.00    0.00    0.00    2.00     5      7.00      0.00 2919300   56356   0.35  race-control

# Time        UID       PID    %usr %system  %guest   %wait    %CPU   CPU  minflt/s  majflt/s     VSZ     RSS   %MEM  Command
10:01:44 PM IST  1000     37042    1.00    0.00    0.00    0.00    1.00     5      4.00      0.00 2919300   56356   0.35  race-control

# Time        UID       PID    %usr %system  %guest   %wait    %CPU   CPU  minflt/s  majflt/s     VSZ     RSS   %MEM  Command
10:01:45 PM IST  1000     37042    1.00    0.00    0.00    0.00    1.00     5      6.00      0.00 2919300   56356   0.35  race-control

# Time        UID       PID    %usr %system  %guest   %wait    %CPU   CPU  minflt/s  majflt/s     VSZ     RSS   %MEM  Command
10:01:46 PM IST  1000     37042    1.00    0.00    0.00    0.00    1.00     5      6.00      0.00 2919300   56356   0.35  race-control

# Time        UID       PID    %usr %system  %guest   %wait    %CPU   CPU  minflt/s  majflt/s     VSZ     RSS   %MEM  Command
10:01:47 PM IST  1000     37042    2.00    0.00    0.00    0.00    2.00     5      6.00      0.00 2919300   56356   0.35  race-control

# Time        UID       PID    %usr %system  %guest   %wait    %CPU   CPU  minflt/s  majflt/s     VSZ     RSS   %MEM  Command
10:01:48 PM IST  1000     37042    1.00    0.00    0.00    0.00    1.00     5      6.00      0.00 2919300   56356   0.35  race-control

# Time        UID       PID    %usr %system  %guest   %wait    %CPU   CPU  minflt/s  majflt/s     VSZ     RSS   %MEM  Command
10:01:49 PM IST  1000     37042    1.00    1.00    0.00    0.00    2.00     5      6.00      0.00 2919300   56356   0.35  race-control

# Time        UID       PID    %usr %system  %guest   %wait    %CPU   CPU  minflt/s  majflt/s     VSZ     RSS   %MEM  Command
10:01:50 PM IST  1000     37042    1.00    0.00    0.00    0.00    1.00     5      5.00      0.00 2919300   56356   0.35  race-control

# Time        UID       PID    %usr %system  %guest   %wait    %CPU   CPU  minflt/s  majflt/s     VSZ     RSS   %MEM  Command
10:01:51 PM IST  1000     37042    1.00    0.00    0.00    0.00    1.00     5      6.00      0.00 2919300   56356   0.35  race-control

# Time        UID       PID    %usr %system  %guest   %wait    %CPU   CPU  minflt/s  majflt/s     VSZ     RSS   %MEM  Command
10:01:52 PM IST  1000     37042    0.00    0.00    0.00    0.00    0.00     5     21.00      0.00 2919300   56356   0.35  race-control

# Time        UID       PID    %usr %system  %guest   %wait    %CPU   CPU  minflt/s  majflt/s     VSZ     RSS   %MEM  Command
10:01:53 PM IST  1000     37042    1.00    0.00    0.00    0.00    1.00     5      5.00      0.00 2919300   56484   0.35  race-control

# Time        UID       PID    %usr %system  %guest   %wait    %CPU   CPU  minflt/s  majflt/s     VSZ     RSS   %MEM  Command
10:01:54 PM IST  1000     37042    1.00    0.00    0.00    0.00    1.00     5      5.00      0.00 2919300   56612   0.35  race-control

# Time        UID       PID    %usr %system  %guest   %wait    %CPU   CPU  minflt/s  majflt/s     VSZ     RSS   %MEM  Command
10:01:55 PM IST  1000     37042    1.00    0.00    0.00    0.00    1.00     5     78.00      0.00 2919300   56868   0.36  race-control

# Time        UID       PID    %usr %system  %guest   %wait    %CPU   CPU  minflt/s  majflt/s     VSZ     RSS   %MEM  Command
10:01:56 PM IST  1000     37042    3.00    0.00    0.00    0.00    3.00     5     99.00      0.00 2919300   57764   0.36  race-control

# Time        UID       PID    %usr %system  %guest   %wait    %CPU   CPU  minflt/s  majflt/s     VSZ     RSS   %MEM  Command
10:01:57 PM IST  1000     37042    1.00    0.00    0.00    0.00    1.00     5     10.00      0.00 2919300   57764   0.36  race-control

# Time        UID       PID    %usr %system  %guest   %wait    %CPU   CPU  minflt/s  majflt/s     VSZ     RSS   %MEM  Command
10:01:58 PM IST  1000     37042    1.00    0.00    0.00    0.00    1.00     5      7.00      0.00 2919300   57764   0.36  race-control

# Time        UID       PID    %usr %system  %guest   %wait    %CPU   CPU  minflt/s  majflt/s     VSZ     RSS   %MEM  Command
10:01:59 PM IST  1000     37042    1.00    0.00    0.00    0.00    1.00     5     18.00      0.00 2919300   57764   0.36  race-control

# Time        UID       PID    %usr %system  %guest   %wait    %CPU   CPU  minflt/s  majflt/s     VSZ     RSS   %MEM  Command
10:02:00 PM IST  1000     37042    1.00    1.00    0.00    0.00    2.00     5     34.00      0.00 2919300   57892   0.36  race-control

# Time        UID       PID    %usr %system  %guest   %wait    %CPU   CPU  minflt/s  majflt/s     VSZ     RSS   %MEM  Command
10:02:01 PM IST  1000     37042    1.00    0.00    0.00    0.00    1.00     5     41.00      0.00 2919300   57892   0.36  race-control

# Time        UID       PID    %usr %system  %guest   %wait    %CPU   CPU  minflt/s  majflt/s     VSZ     RSS   %MEM  Command
10:02:02 PM IST  1000     37042    1.00    0.00    0.00    0.00    1.00     5      6.00      0.00 2919300   57892   0.36  race-control

# Time        UID       PID    %usr %system  %guest   %wait    %CPU   CPU  minflt/s  majflt/s     VSZ     RSS   %MEM  Command
10:02:03 PM IST  1000     37042    1.00    0.00    0.00    0.00    1.00     5      5.00      0.00 2919300   57892   0.36  race-control

# Time        UID       PID    %usr %system  %guest   %wait    %CPU   CPU  minflt/s  majflt/s     VSZ     RSS   %MEM  Command
10:02:04 PM IST  1000     37042    1.00    0.00    0.00    0.00    1.00     5     21.00      0.00 2919300   57892   0.36  race-control

# Time        UID       PID    %usr %system  %guest   %wait    %CPU   CPU  minflt/s  majflt/s     VSZ     RSS   %MEM  Command
10:02:05 PM IST  1000     37042    1.00    0.00    0.00    0.00    1.00     5      6.00      0.00 2919300   57892   0.36  race-control

# Time        UID       PID    %usr %system  %guest   %wait    %CPU   CPU  minflt/s  majflt/s     VSZ     RSS   %MEM  Command
10:02:06 PM IST  1000     37042    1.00    1.00    0.00    0.00    2.00     5      7.00      0.00 2919300   57892   0.36  race-control

# Time        UID       PID    %usr %system  %guest   %wait    %CPU   CPU  minflt/s  majflt/s     VSZ     RSS   %MEM  Command
10:02:07 PM IST  1000     37042    1.00    0.00    0.00    0.00    1.00     5      5.00      0.00 2919300   57892   0.36  race-control

# Time        UID       PID    %usr %system  %guest   %wait    %CPU   CPU  minflt/s  majflt/s     VSZ     RSS   %MEM  Command
10:02:08 PM IST  1000     37042    1.00    0.00    0.00    0.00    1.00     5      5.00      0.00 2919300   57892   0.36  race-control

# Time        UID       PID    %usr %system  %guest   %wait    %CPU   CPU  minflt/s  majflt/s     VSZ     RSS   %MEM  Command
10:02:09 PM IST  1000     37042    1.00    0.00    0.00    0.00    1.00     5      5.00      0.00 2919300   57892   0.36  race-control

# Time        UID       PID    %usr %system  %guest   %wait    %CPU   CPU  minflt/s  majflt/s     VSZ     RSS   %MEM  Command
10:02:10 PM IST  1000     37042    1.00    0.00    0.00    0.00    1.00     5      6.00      0.00 2919300   57892   0.36  race-control

# Time        UID       PID    %usr %system  %guest   %wait    %CPU   CPU  minflt/s  majflt/s     VSZ     RSS   %MEM  Command
10:02:11 PM IST  1000     37042    3.00    0.00    0.00    0.00    3.00     5     61.00      0.00 2919300   58148   0.36  race-control

# Time        UID       PID    %usr %system  %guest   %wait    %CPU   CPU  minflt/s  majflt/s     VSZ     RSS   %MEM  Command
10:02:12 PM IST  1000     37042    1.00    0.00    0.00    0.00    1.00     5      5.00      0.00 2919300   58148   0.36  race-control

# Time        UID       PID    %usr %system  %guest   %wait    %CPU   CPU  minflt/s  majflt/s     VSZ     RSS   %MEM  Command
10:02:13 PM IST  1000     37042    1.00    0.00    0.00    0.00    1.00     5      5.00      0.00 2919300   58276   0.36  race-control

# Time        UID       PID    %usr %system  %guest   %wait    %CPU   CPU  minflt/s  majflt/s     VSZ     RSS   %MEM  Command
10:02:14 PM IST  1000     37042    1.00    1.00    0.00    0.00    2.00     5     21.00      0.00 2919300   58276   0.36  race-control

# Time        UID       PID    %usr %system  %guest   %wait    %CPU   CPU  minflt/s  majflt/s     VSZ     RSS   %MEM  Command
10:02:15 PM IST  1000     37042    1.00    0.00    0.00    0.00    1.00     5     17.00      0.00 2919300   58404   0.37  race-control

# Time        UID       PID    %usr %system  %guest   %wait    %CPU   CPU  minflt/s  majflt/s     VSZ     RSS   %MEM  Command
10:02:16 PM IST  1000     37042    1.00    0.00    0.00    0.00    1.00     5     34.00      0.00 2919300   58404   0.37  race-control

# Time        UID       PID    %usr %system  %guest   %wait    %CPU   CPU  minflt/s  majflt/s     VSZ     RSS   %MEM  Command
10:02:17 PM IST  1000     37042    1.00    0.00    0.00    0.00    1.00     5      8.00      0.00 2919300   58404   0.37  race-control

# Time        UID       PID    %usr %system  %guest   %wait    %CPU   CPU  minflt/s  majflt/s     VSZ     RSS   %MEM  Command
10:02:18 PM IST  1000     37042    1.00    0.00    0.00    0.00    1.00     5      6.00      0.00 2919300   58404   0.37  race-control

# Time        UID       PID    %usr %system  %guest   %wait    %CPU   CPU  minflt/s  majflt/s     VSZ     RSS   %MEM  Command
10:02:19 PM IST  1000     37042    1.00    1.00    0.00    0.00    2.00     5      4.00      0.00 2919300   58404   0.37  race-control

# Time        UID       PID    %usr %system  %guest   %wait    %CPU   CPU  minflt/s  majflt/s     VSZ     RSS   %MEM  Command
10:02:20 PM IST  1000     37042    1.00    0.00    0.00    0.00    1.00     5      6.00      0.00 2919300   58404   0.37  race-control

# Time        UID       PID    %usr %system  %guest   %wait    %CPU   CPU  minflt/s  majflt/s     VSZ     RSS   %MEM  Command
10:02:21 PM IST  1000     37042    1.00    0.00    0.00    0.00    1.00     5      6.00      0.00 2919300   58404   0.37  race-control

# Time        UID       PID    %usr %system  %guest   %wait    %CPU   CPU  minflt/s  majflt/s     VSZ     RSS   %MEM  Command
10:02:22 PM IST  1000     37042    1.00    0.00    0.00    0.00    1.00     5      5.00      0.00 2919300   58532   0.37  race-control

# Time        UID       PID    %usr %system  %guest   %wait    %CPU   CPU  minflt/s  majflt/s     VSZ     RSS   %MEM  Command
10:02:23 PM IST  1000     37042    1.00    0.00    0.00    0.00    1.00     5      7.00      0.00 2919300   58532   0.37  race-control

# Time        UID       PID    %usr %system  %guest   %wait    %CPU   CPU  minflt/s  majflt/s     VSZ     RSS   %MEM  Command
10:02:24 PM IST  1000     37042    1.00    0.00    0.00    0.00    1.00     5      5.00      0.00 2919300   58532   0.37  race-control

# Time        UID       PID    %usr %system  %guest   %wait    %CPU   CPU  minflt/s  majflt/s     VSZ     RSS   %MEM  Command
10:02:25 PM IST  1000     37042    3.00    0.00    0.00    0.00    3.00     5     39.00      0.00 2919300   58660   0.37  race-control

# Time        UID       PID    %usr %system  %guest   %wait    %CPU   CPU  minflt/s  majflt/s     VSZ     RSS   %MEM  Command
10:02:26 PM IST  1000     37042    2.00    0.00    0.00    0.00    2.00     5      6.00      0.00 2919300   58660   0.37  race-control

# Time        UID       PID    %usr %system  %guest   %wait    %CPU   CPU  minflt/s  majflt/s     VSZ     RSS   %MEM  Command
10:02:27 PM IST  1000     37042    0.00    0.00    0.00    0.00    0.00     5      4.00      0.00 2919300   58660   0.37  race-control

# Time        UID       PID    %usr %system  %guest   %wait    %CPU   CPU  minflt/s  majflt/s     VSZ     RSS   %MEM  Command
10:02:28 PM IST  1000     37042    2.00    1.00    0.00    0.00    3.00     5      6.00      0.00 2919300   58660   0.37  race-control

# Time        UID       PID    %usr %system  %guest   %wait    %CPU   CPU  minflt/s  majflt/s     VSZ     RSS   %MEM  Command
10:02:29 PM IST  1000     37042    0.00    0.00    0.00    0.00    0.00     5      5.00      0.00 2919300   58660   0.37  race-control

# Time        UID       PID    %usr %system  %guest   %wait    %CPU   CPU  minflt/s  majflt/s     VSZ     RSS   %MEM  Command
10:02:30 PM IST  1000     37042    1.00    0.00    0.00    0.00    1.00     5      4.00      0.00 2919300   58660   0.37  race-control

# Time        UID       PID    %usr %system  %guest   %wait    %CPU   CPU  minflt/s  majflt/s     VSZ     RSS   %MEM  Command
10:02:31 PM IST  1000     37042    1.00    0.00    0.00    0.00    1.00     5      6.00      0.00 2919300   58660   0.37  race-control

# Time        UID       PID    %usr %system  %guest   %wait    %CPU   CPU  minflt/s  majflt/s     VSZ     RSS   %MEM  Command
10:02:32 PM IST  1000     37042    2.00    1.00    0.00    0.00    3.00     5      5.00      0.00 2919300   58660   0.37  race-control

# Time        UID       PID    %usr %system  %guest   %wait    %CPU   CPU  minflt/s  majflt/s     VSZ     RSS   %MEM  Command
10:02:33 PM IST  1000     37042    1.00    0.00    0.00    0.00    1.00     5      6.00      0.00 2919300   58660   0.37  race-control

# Time        UID       PID    %usr %system  %guest   %wait    %CPU   CPU  minflt/s  majflt/s     VSZ     RSS   %MEM  Command
10:02:34 PM IST  1000     37042    1.00    0.00    0.00    0.00    1.00     5      5.00      0.00 2919300   58660   0.37  race-control

# Time        UID       PID    %usr %system  %guest   %wait    %CPU   CPU  minflt/s  majflt/s     VSZ     RSS   %MEM  Command
10:02:35 PM IST  1000     37042    2.00    0.00    0.00    0.00    2.00     5      6.00      0.00 2919300   58788   0.37  race-control

# Time        UID       PID    %usr %system  %guest   %wait    %CPU   CPU  minflt/s  majflt/s     VSZ     RSS   %MEM  Command
10:02:36 PM IST  1000     37042    1.00    0.00    0.00    0.00    1.00     5      5.00      0.00 2919300   58788   0.37  race-control

# Time        UID       PID    %usr %system  %guest   %wait    %CPU   CPU  minflt/s  majflt/s     VSZ     RSS   %MEM  Command
10:02:37 PM IST  1000     37042    1.00    0.00    0.00    0.00    1.00     5      6.00      0.00 2919300   58788   0.37  race-control

# Time        UID       PID    %usr %system  %guest   %wait    %CPU   CPU  minflt/s  majflt/s     VSZ     RSS   %MEM  Command
10:02:38 PM IST  1000     37042    1.00    0.00    0.00    0.00    1.00     5      6.00      0.00 2919300   58788   0.37  race-control

# Time        UID       PID    %usr %system  %guest   %wait    %CPU   CPU  minflt/s  majflt/s     VSZ     RSS   %MEM  Command
10:02:39 PM IST  1000     37042    3.00    0.00    0.00    0.00    3.00     5      5.00      0.00 2919300   58788   0.37  race-control

# Time        UID       PID    %usr %system  %guest   %wait    %CPU   CPU  minflt/s  majflt/s     VSZ     RSS   %MEM  Command
10:02:40 PM IST  1000     37042    0.00    1.00    0.00    0.00    1.00     5      5.00      0.00 2919300   58788   0.37  race-control

# Time        UID       PID    %usr %system  %guest   %wait    %CPU   CPU  minflt/s  majflt/s     VSZ     RSS   %MEM  Command
10:02:41 PM IST  1000     37042    1.00    0.00    0.00    0.00    1.00     5      6.00      0.00 2919300   58916   0.37  race-control

# Time        UID       PID    %usr %system  %guest   %wait    %CPU   CPU  minflt/s  majflt/s     VSZ     RSS   %MEM  Command
10:02:42 PM IST  1000     37042    1.00    0.00    0.00    0.00    1.00     5      5.00      0.00 2919300   59044   0.37  race-control

# Time        UID       PID    %usr %system  %guest   %wait    %CPU   CPU  minflt/s  majflt/s     VSZ     RSS   %MEM  Command
10:02:43 PM IST  1000     37042    2.00    0.00    0.00    0.00    2.00     5      6.00      0.00 2919300   59044   0.37  race-control

# Time        UID       PID    %usr %system  %guest   %wait    %CPU   CPU  minflt/s  majflt/s     VSZ     RSS   %MEM  Command
10:02:44 PM IST  1000     37042    0.00    0.00    0.00    0.00    0.00     5      5.00      0.00 2919300   59044   0.37  race-control

# Time        UID       PID    %usr %system  %guest   %wait    %CPU   CPU  minflt/s  majflt/s     VSZ     RSS   %MEM  Command
10:02:45 PM IST  1000     37042    1.00    0.00    0.00    0.00    1.00     5      6.00      0.00 2919300   59172   0.37  race-control

# Time        UID       PID    %usr %system  %guest   %wait    %CPU   CPU  minflt/s  majflt/s     VSZ     RSS   %MEM  Command
10:02:46 PM IST  1000     37042    1.00    0.00    0.00    0.00    1.00     5      6.00      0.00 2919300   59300   0.37  race-control

# Time        UID       PID    %usr %system  %guest   %wait    %CPU   CPU  minflt/s  majflt/s     VSZ     RSS   %MEM  Command
10:02:47 PM IST  1000     37042    1.00    1.00    0.00    0.00    2.00     5      6.00      0.00 2919300   59428   0.37  race-control

# Time        UID       PID    %usr %system  %guest   %wait    %CPU   CPU  minflt/s  majflt/s     VSZ     RSS   %MEM  Command
10:02:48 PM IST  1000     37042    1.00    0.00    0.00    0.00    1.00     5      6.00      0.00 2919300   59428   0.37  race-control

# Time        UID       PID    %usr %system  %guest   %wait    %CPU   CPU  minflt/s  majflt/s     VSZ     RSS   %MEM  Command
10:02:49 PM IST  1000     37042    1.00    0.00    0.00    0.00    1.00     5      5.00      0.00 2919300   59428   0.37  race-control

# Time        UID       PID    %usr %system  %guest   %wait    %CPU   CPU  minflt/s  majflt/s     VSZ     RSS   %MEM  Command
10:02:50 PM IST  1000     37042    1.00    0.00    0.00    0.00    1.00     5      6.00      0.00 2919300   59556   0.37  race-control

# Time        UID       PID    %usr %system  %guest   %wait    %CPU   CPU  minflt/s  majflt/s     VSZ     RSS   %MEM  Command
10:02:51 PM IST  1000     37042    1.00    0.00    0.00    0.00    1.00     5      5.00      0.00 2919300   59556   0.37  race-control

# Time        UID       PID    %usr %system  %guest   %wait    %CPU   CPU  minflt/s  majflt/s     VSZ     RSS   %MEM  Command
10:02:52 PM IST  1000     37042    1.00    0.00    0.00    0.00    1.00     5      5.00      0.00 2919300   59556   0.37  race-control

# Time        UID       PID    %usr %system  %guest   %wait    %CPU   CPU  minflt/s  majflt/s     VSZ     RSS   %MEM  Command
10:02:53 PM IST  1000     37042    2.00    0.00    0.00    0.00    2.00     5      6.00      0.00 2919300   59812   0.37  race-control

# Time        UID       PID    %usr %system  %guest   %wait    %CPU   CPU  minflt/s  majflt/s     VSZ     RSS   %MEM  Command
10:02:54 PM IST  1000     37042    1.00    1.00    0.00    0.00    2.00     5      5.00      0.00 2919300   59812   0.37  race-control

# Time        UID       PID    %usr %system  %guest   %wait    %CPU   CPU  minflt/s  majflt/s     VSZ     RSS   %MEM  Command
10:02:55 PM IST  1000     37042    1.00    0.00    0.00    0.00    1.00     5      6.00      0.00 2919300   59812   0.37  race-control

# Time        UID       PID    %usr %system  %guest   %wait    %CPU   CPU  minflt/s  majflt/s     VSZ     RSS   %MEM  Command
10:02:56 PM IST  1000     37042    1.00    0.00    0.00    0.00    1.00     5      6.00      0.00 2919300   59812   0.37  race-control

# Time        UID       PID    %usr %system  %guest   %wait    %CPU   CPU  minflt/s  majflt/s     VSZ     RSS   %MEM  Command
10:02:57 PM IST  1000     37042    1.00    0.00    0.00    0.00    1.00     5      6.00      0.00 2919300   59812   0.37  race-control

# Time        UID       PID    %usr %system  %guest   %wait    %CPU   CPU  minflt/s  majflt/s     VSZ     RSS   %MEM  Command
10:02:58 PM IST  1000     37042    1.00    0.00    0.00    0.00    1.00     5     25.00      0.00 2919300   59812   0.37  race-control

# Time        UID       PID    %usr %system  %guest   %wait    %CPU   CPU  minflt/s  majflt/s     VSZ     RSS   %MEM  Command
10:02:59 PM IST  1000     37042    1.00    0.00    0.00    0.00    1.00     5     22.00      0.00 2919300   59812   0.37  race-control

# Time        UID       PID    %usr %system  %guest   %wait    %CPU   CPU  minflt/s  majflt/s     VSZ     RSS   %MEM  Command
10:03:00 PM IST  1000     37042    1.00    0.00    0.00    0.00    1.00     5     50.00      0.00 2919300   59812   0.37  race-control

# Time        UID       PID    %usr %system  %guest   %wait    %CPU   CPU  minflt/s  majflt/s     VSZ     RSS   %MEM  Command
10:03:01 PM IST  1000     37042    1.00    1.00    0.00    0.00    2.00     5      7.00      0.00 2919300   59940   0.38  race-control

# Time        UID       PID    %usr %system  %guest   %wait    %CPU   CPU  minflt/s  majflt/s     VSZ     RSS   %MEM  Command
10:03:02 PM IST  1000     37042    1.00    0.00    0.00    0.00    1.00     5     13.00      0.00 2919300   59940   0.38  race-control

# Time        UID       PID    %usr %system  %guest   %wait    %CPU   CPU  minflt/s  majflt/s     VSZ     RSS   %MEM  Command
10:03:03 PM IST  1000     37042    1.00    0.00    0.00    0.00    1.00     5     26.00      0.00 2919300   60196   0.38  race-control

# Time        UID       PID    %usr %system  %guest   %wait    %CPU   CPU  minflt/s  majflt/s     VSZ     RSS   %MEM  Command
10:03:04 PM IST  1000     37042    1.00    0.00    0.00    0.00    1.00     5      6.00      0.00 2919300   60196   0.38  race-control

# Time        UID       PID    %usr %system  %guest   %wait    %CPU   CPU  minflt/s  majflt/s     VSZ     RSS   %MEM  Command
10:03:05 PM IST  1000     37042    1.00    0.00    0.00    0.00    1.00     5      5.00      0.00 2919300   60324   0.38  race-control

# Time        UID       PID    %usr %system  %guest   %wait    %CPU   CPU  minflt/s  majflt/s     VSZ     RSS   %MEM  Command
10:03:06 PM IST  1000     37042    1.00    0.00    0.00    0.00    1.00     5      7.00      0.00 2919300   60324   0.38  race-control

# Time        UID       PID    %usr %system  %guest   %wait    %CPU   CPU  minflt/s  majflt/s     VSZ     RSS   %MEM  Command
10:03:07 PM IST  1000     37042    3.00    1.00    0.00    0.00    4.00     5      5.00      0.00 2919300   60136   0.38  race-control

# Time        UID       PID    %usr %system  %guest   %wait    %CPU   CPU  minflt/s  majflt/s     VSZ     RSS   %MEM  Command
10:03:08 PM IST  1000     37042    1.00    0.00    0.00    0.00    1.00     5      5.00      0.00 2919300   59872   0.37  race-control

# Time        UID       PID    %usr %system  %guest   %wait    %CPU   CPU  minflt/s  majflt/s     VSZ     RSS   %MEM  Command
10:03:09 PM IST  1000     37042    0.00    0.00    0.00    0.00    0.00     5      5.00      0.00 2919300   59872   0.37  race-control

# Time        UID       PID    %usr %system  %guest   %wait    %CPU   CPU  minflt/s  majflt/s     VSZ     RSS   %MEM  Command
10:03:10 PM IST  1000     37042    2.00    0.00    0.00    0.00    2.00     5      6.00      0.00 2919300   59872   0.37  race-control

# Time        UID       PID    %usr %system  %guest   %wait    %CPU   CPU  minflt/s  majflt/s     VSZ     RSS   %MEM  Command
10:03:11 PM IST  1000     37042    1.00    0.00    0.00    0.00    1.00     5      5.00      0.00 2919300   59872   0.37  race-control

# Time        UID       PID    %usr %system  %guest   %wait    %CPU   CPU  minflt/s  majflt/s     VSZ     RSS   %MEM  Command
10:03:12 PM IST  1000     37042    1.00    0.00    0.00    0.00    1.00     5      5.00      0.00 2919300   60000   0.38  race-control

# Time        UID       PID    %usr %system  %guest   %wait    %CPU   CPU  minflt/s  majflt/s     VSZ     RSS   %MEM  Command
10:03:13 PM IST  1000     37042    0.00    0.00    0.00    0.00    0.00     5      5.00      0.00 2919300   60000   0.38  race-control

# Time        UID       PID    %usr %system  %guest   %wait    %CPU   CPU  minflt/s  majflt/s     VSZ     RSS   %MEM  Command
10:03:14 PM IST  1000     37042    1.00    0.00    0.00    0.00    1.00     5      6.00      0.00 2919300   60000   0.38  race-control

# Time        UID       PID    %usr %system  %guest   %wait    %CPU   CPU  minflt/s  majflt/s     VSZ     RSS   %MEM  Command
10:03:15 PM IST  1000     37042    1.00    1.00    0.00    0.00    2.00     5      5.00      0.00 2919300   60000   0.38  race-control

# Time        UID       PID    %usr %system  %guest   %wait    %CPU   CPU  minflt/s  majflt/s     VSZ     RSS   %MEM  Command
10:03:16 PM IST  1000     37042    2.00    0.00    0.00    0.00    2.00     5      7.00      0.00 2919300   60000   0.38  race-control

# Time        UID       PID    %usr %system  %guest   %wait    %CPU   CPU  minflt/s  majflt/s     VSZ     RSS   %MEM  Command
10:03:17 PM IST  1000     37042    0.00    0.00    0.00    0.00    0.00     5      6.00      0.00 2919300   60000   0.38  race-control

# Time        UID       PID    %usr %system  %guest   %wait    %CPU   CPU  minflt/s  majflt/s     VSZ     RSS   %MEM  Command
10:03:18 PM IST  1000     37042    1.00    0.00    0.00    0.00    1.00     5      5.00      0.00 2919300   60128   0.38  race-control

# Time        UID       PID    %usr %system  %guest   %wait    %CPU   CPU  minflt/s  majflt/s     VSZ     RSS   %MEM  Command
10:03:19 PM IST  1000     37042    1.00    0.00    0.00    0.00    1.00     5      4.00      0.00 2919300   60128   0.38  race-control

# Time        UID       PID    %usr %system  %guest   %wait    %CPU   CPU  minflt/s  majflt/s     VSZ     RSS   %MEM  Command
10:03:20 PM IST  1000     37042    1.00    1.00    0.00    0.00    2.00     5      6.00      0.00 2919300   60128   0.38  race-control

# Time        UID       PID    %usr %system  %guest   %wait    %CPU   CPU  minflt/s  majflt/s     VSZ     RSS   %MEM  Command
10:03:21 PM IST  1000     37042    2.00    0.00    0.00    0.00    2.00     5      6.00      0.00 2919300   60128   0.38  race-control

# Time        UID       PID    %usr %system  %guest   %wait    %CPU   CPU  minflt/s  majflt/s     VSZ     RSS   %MEM  Command
10:03:22 PM IST  1000     37042    1.00    0.00    0.00    0.00    1.00     5      5.00      0.00 2919300   60128   0.38  race-control

# Time        UID       PID    %usr %system  %guest   %wait    %CPU   CPU  minflt/s  majflt/s     VSZ     RSS   %MEM  Command
10:03:23 PM IST  1000     37042    1.98    0.00    0.00    0.00    1.98     5      6.93      0.00 2919300   60128   0.38  race-control

# Time        UID       PID    %usr %system  %guest   %wait    %CPU   CPU  minflt/s  majflt/s     VSZ     RSS   %MEM  Command
10:03:24 PM IST  1000     37042    1.00    0.00    0.00    0.00    1.00     5      5.00      0.00 2919300   60128   0.38  race-control

# Time        UID       PID    %usr %system  %guest   %wait    %CPU   CPU  minflt/s  majflt/s     VSZ     RSS   %MEM  Command
10:03:25 PM IST  1000     37042    1.00    0.00    0.00    0.00    1.00     5      6.00      0.00 2919300   60128   0.38  race-control

# Time        UID       PID    %usr %system  %guest   %wait    %CPU   CPU  minflt/s  majflt/s     VSZ     RSS   %MEM  Command
10:03:26 PM IST  1000     37042    1.00    0.00    0.00    0.00    1.00     5      5.00      0.00 2919300   60128   0.38  race-control

# Time        UID       PID    %usr %system  %guest   %wait    %CPU   CPU  minflt/s  majflt/s     VSZ     RSS   %MEM  Command
10:03:27 PM IST  1000     37042    0.00    1.00    0.00    0.00    1.00     5      5.00      0.00 2919300   60128   0.38  race-control

# Time        UID       PID    %usr %system  %guest   %wait    %CPU   CPU  minflt/s  majflt/s     VSZ     RSS   %MEM  Command
10:03:28 PM IST  1000     37042    1.00    0.00    0.00    0.00    1.00     5      5.00      0.00 2919300   60256   0.38  race-control

# Time        UID       PID    %usr %system  %guest   %wait    %CPU   CPU  minflt/s  majflt/s     VSZ     RSS   %MEM  Command
10:03:29 PM IST  1000     37042    1.00    0.00    0.00    0.00    1.00     5      5.00      0.00 2919300   60256   0.38  race-control

# Time        UID       PID    %usr %system  %guest   %wait    %CPU   CPU  minflt/s  majflt/s     VSZ     RSS   %MEM  Command
10:03:30 PM IST  1000     37042    1.00    0.00    0.00    0.00    1.00     5      4.00      0.00 2919300   60256   0.38  race-control

# Time        UID       PID    %usr %system  %guest   %wait    %CPU   CPU  minflt/s  majflt/s     VSZ     RSS   %MEM  Command
10:03:31 PM IST  1000     37042    1.00    0.00    0.00    0.00    1.00     5      6.00      0.00 2919300   60256   0.38  race-control

# Time        UID       PID    %usr %system  %guest   %wait    %CPU   CPU  minflt/s  majflt/s     VSZ     RSS   %MEM  Command
10:03:32 PM IST  1000     37042    1.00    1.00    0.00    0.00    2.00     5      6.00      0.00 2919300   60256   0.38  race-control

# Time        UID       PID    %usr %system  %guest   %wait    %CPU   CPU  minflt/s  majflt/s     VSZ     RSS   %MEM  Command
10:03:33 PM IST  1000     37042    1.00    0.00    0.00    0.00    1.00     5      5.00      0.00 2919300   60256   0.38  race-control

# Time        UID       PID    %usr %system  %guest   %wait    %CPU   CPU  minflt/s  majflt/s     VSZ     RSS   %MEM  Command
10:03:34 PM IST  1000     37042    1.00    0.00    0.00    0.00    1.00     5      6.00      0.00 2919300   60256   0.38  race-control

# Time        UID       PID    %usr %system  %guest   %wait    %CPU   CPU  minflt/s  majflt/s     VSZ     RSS   %MEM  Command
10:03:35 PM IST  1000     37042    2.00    0.00    0.00    0.00    2.00     5      5.00      0.00 2919300   60256   0.38  race-control

# Time        UID       PID    %usr %system  %guest   %wait    %CPU   CPU  minflt/s  majflt/s     VSZ     RSS   %MEM  Command
10:03:36 PM IST  1000     37042    1.00    1.00    0.00    0.00    2.00     5      6.00      0.00 2919300   60256   0.38  race-control

# Time        UID       PID    %usr %system  %guest   %wait    %CPU   CPU  minflt/s  majflt/s     VSZ     RSS   %MEM  Command
10:03:37 PM IST  1000     37042    1.00    0.00    0.00    0.00    1.00     5      5.00      0.00 2919300   60256   0.38  race-control

# Time        UID       PID    %usr %system  %guest   %wait    %CPU   CPU  minflt/s  majflt/s     VSZ     RSS   %MEM  Command
10:03:38 PM IST  1000     37042    1.00    0.00    0.00    0.00    1.00     5      6.00      0.00 2919300   60256   0.38  race-control

# Time        UID       PID    %usr %system  %guest   %wait    %CPU   CPU  minflt/s  majflt/s     VSZ     RSS   %MEM  Command
10:03:39 PM IST  1000     37042    1.00    0.00    0.00    0.00    1.00     5      5.00      0.00 2919300   60256   0.38  race-control

# Time        UID       PID    %usr %system  %guest   %wait    %CPU   CPU  minflt/s  majflt/s     VSZ     RSS   %MEM  Command
10:03:40 PM IST  1000     37042    0.00    1.00    0.00    0.00    1.00     5      5.00      0.00 2919300   60256   0.38  race-control

# Time        UID       PID    %usr %system  %guest   %wait    %CPU   CPU  minflt/s  majflt/s     VSZ     RSS   %MEM  Command
10:03:41 PM IST  1000     37042    1.00    0.00    0.00    0.00    1.00     5      6.00      0.00 2919300   60256   0.38  race-control

# Time        UID       PID    %usr %system  %guest   %wait    %CPU   CPU  minflt/s  majflt/s     VSZ     RSS   %MEM  Command
10:03:42 PM IST  1000     37042    1.00    0.00    0.00    0.00    1.00     5      5.00      0.00 2919300   60256   0.38  race-control

# Time        UID       PID    %usr %system  %guest   %wait    %CPU   CPU  minflt/s  majflt/s     VSZ     RSS   %MEM  Command
10:03:43 PM IST  1000     37042    1.00    0.00    0.00    0.00    1.00     5      6.00      0.00 2919300   60256   0.38  race-control

# Time        UID       PID    %usr %system  %guest   %wait    %CPU   CPU  minflt/s  majflt/s     VSZ     RSS   %MEM  Command
10:03:44 PM IST  1000     37042    1.00    0.00    0.00    0.00    1.00     5      5.00      0.00 2919300   60256   0.38  race-control

# Time        UID       PID    %usr %system  %guest   %wait    %CPU   CPU  minflt/s  majflt/s     VSZ     RSS   %MEM  Command
10:03:45 PM IST  1000     37042    1.00    0.00    0.00    0.00    1.00     5      7.00      0.00 2919300   60256   0.38  race-control

# Time        UID       PID    %usr %system  %guest   %wait    %CPU   CPU  minflt/s  majflt/s     VSZ     RSS   %MEM  Command
10:03:46 PM IST  1000     37042    1.00    0.00    0.00    0.00    1.00     5      5.00      0.00 2919300   60256   0.38  race-control

# Time        UID       PID    %usr %system  %guest   %wait    %CPU   CPU  minflt/s  majflt/s     VSZ     RSS   %MEM  Command
10:03:47 PM IST  1000     37042    1.00    0.00    0.00    0.00    1.00     5      6.00      0.00 2919300   60256   0.38  race-control

# Time        UID       PID    %usr %system  %guest   %wait    %CPU   CPU  minflt/s  majflt/s     VSZ     RSS   %MEM  Command
10:03:48 PM IST  1000     37042    1.00    1.00    0.00    0.00    2.00     5      6.00      0.00 2919300   60256   0.38  race-control

# Time        UID       PID    %usr %system  %guest   %wait    %CPU   CPU  minflt/s  majflt/s     VSZ     RSS   %MEM  Command
10:03:49 PM IST  1000     37042    1.00    0.00    0.00    0.00    1.00     5      5.00      0.00 2919300   60256   0.38  race-control

# Time        UID       PID    %usr %system  %guest   %wait    %CPU   CPU  minflt/s  majflt/s     VSZ     RSS   %MEM  Command
10:03:50 PM IST  1000     37042    3.00    0.00    0.00    0.00    3.00     5     14.00      0.00 2919300   60384   0.38  race-control

# Time        UID       PID    %usr %system  %guest   %wait    %CPU   CPU  minflt/s  majflt/s     VSZ     RSS   %MEM  Command
10:03:51 PM IST  1000     37042    1.00    1.00    0.00    0.00    2.00     5      5.00      0.00 2919300   60384   0.38  race-control

# Time        UID       PID    %usr %system  %guest   %wait    %CPU   CPU  minflt/s  majflt/s     VSZ     RSS   %MEM  Command
10:03:52 PM IST  1000     37042    1.00    0.00    0.00    0.00    1.00     5      5.00      0.00 2919300   60384   0.38  race-control

# Time        UID       PID    %usr %system  %guest   %wait    %CPU   CPU  minflt/s  majflt/s     VSZ     RSS   %MEM  Command
10:03:53 PM IST  1000     37042    1.00    0.00    0.00    0.00    1.00     5      5.00      0.00 2919300   60384   0.38  race-control

# Time        UID       PID    %usr %system  %guest   %wait    %CPU   CPU  minflt/s  majflt/s     VSZ     RSS   %MEM  Command
10:03:54 PM IST  1000     37042    1.00    0.00    0.00    0.00    1.00     5      5.00      0.00 2919300   60384   0.38  race-control

# Time        UID       PID    %usr %system  %guest   %wait    %CPU   CPU  minflt/s  majflt/s     VSZ     RSS   %MEM  Command
10:03:55 PM IST  1000     37042    1.00    0.00    0.00    0.00    1.00     5      6.00      0.00 2919300   60512   0.38  race-control

# Time        UID       PID    %usr %system  %guest   %wait    %CPU   CPU  minflt/s  majflt/s     VSZ     RSS   %MEM  Command
10:03:56 PM IST  1000     37042    1.00    0.00    0.00    0.00    1.00     5      6.00      0.00 2919300   60512   0.38  race-control

# Time        UID       PID    %usr %system  %guest   %wait    %CPU   CPU  minflt/s  majflt/s     VSZ     RSS   %MEM  Command
10:03:57 PM IST  1000     37042    1.00    0.00    0.00    0.00    1.00     5      6.00      0.00 2919300   60512   0.38  race-control

# Time        UID       PID    %usr %system  %guest   %wait    %CPU   CPU  minflt/s  majflt/s     VSZ     RSS   %MEM  Command
10:03:58 PM IST  1000     37042    1.00    1.00    0.00    0.00    2.00     5      5.00      0.00 2919300   60512   0.38  race-control

# Time        UID       PID    %usr %system  %guest   %wait    %CPU   CPU  minflt/s  majflt/s     VSZ     RSS   %MEM  Command
10:03:59 PM IST  1000     37042    1.00    0.00    0.00    0.00    1.00     5      5.00      0.00 2919300   60512   0.38  race-control

# Time        UID       PID    %usr %system  %guest   %wait    %CPU   CPU  minflt/s  majflt/s     VSZ     RSS   %MEM  Command
10:04:00 PM IST  1000     37042    1.00    0.00    0.00    0.00    1.00     5      5.00      0.00 2919300   60512   0.38  race-control

# Time        UID       PID    %usr %system  %guest   %wait    %CPU   CPU  minflt/s  majflt/s     VSZ     RSS   %MEM  Command
10:04:01 PM IST  1000     37042    1.00    0.00    0.00    0.00    1.00     5      6.00      0.00 2919300   60640   0.38  race-control

# Time        UID       PID    %usr %system  %guest   %wait    %CPU   CPU  minflt/s  majflt/s     VSZ     RSS   %MEM  Command
10:04:02 PM IST  1000     37042    0.00    0.00    0.00    0.00    0.00     5      5.00      0.00 2919300   60640   0.38  race-control

# Time        UID       PID    %usr %system  %guest   %wait    %CPU   CPU  minflt/s  majflt/s     VSZ     RSS   %MEM  Command
10:04:03 PM IST  1000     37042    1.00    1.00    0.00    0.00    2.00     5      6.00      0.00 2919300   60640   0.38  race-control

# Time        UID       PID    %usr %system  %guest   %wait    %CPU   CPU  minflt/s  majflt/s     VSZ     RSS   %MEM  Command
10:04:04 PM IST  1000     37042    3.00    0.00    0.00    0.00    3.00     5      5.00      0.00 2919300   60640   0.38  race-control

# Time        UID       PID    %usr %system  %guest   %wait    %CPU   CPU  minflt/s  majflt/s     VSZ     RSS   %MEM  Command
10:04:05 PM IST  1000     37042    0.00    0.00    0.00    0.00    0.00     5      6.00      0.00 2919300   60768   0.38  race-control

# Time        UID       PID    %usr %system  %guest   %wait    %CPU   CPU  minflt/s  majflt/s     VSZ     RSS   %MEM  Command
10:04:06 PM IST  1000     37042    2.00    0.00    0.00    0.00    2.00     5      6.00      0.00 2919300   60896   0.38  race-control

# Time        UID       PID    %usr %system  %guest   %wait    %CPU   CPU  minflt/s  majflt/s     VSZ     RSS   %MEM  Command
10:04:07 PM IST  1000     37042    0.00    0.00    0.00    0.00    0.00     5      6.00      0.00 2919300   60896   0.38  race-control

# Time        UID       PID    %usr %system  %guest   %wait    %CPU   CPU  minflt/s  majflt/s     VSZ     RSS   %MEM  Command
10:04:08 PM IST  1000     37042    1.00    1.00    0.00    0.00    2.00     5      4.00      0.00 2919300   60896   0.38  race-control

# Time        UID       PID    %usr %system  %guest   %wait    %CPU   CPU  minflt/s  majflt/s     VSZ     RSS   %MEM  Command
10:04:09 PM IST  1000     37042    1.00    0.00    0.00    0.00    1.00     5      5.00      0.00 2919300   60896   0.38  race-control

# Time        UID       PID    %usr %system  %guest   %wait    %CPU   CPU  minflt/s  majflt/s     VSZ     RSS   %MEM  Command
10:04:10 PM IST  1000     37042    1.00    0.00    0.00    0.00    1.00     5      6.00      0.00 2919300   60896   0.38  race-control

# Time        UID       PID    %usr %system  %guest   %wait    %CPU   CPU  minflt/s  majflt/s     VSZ     RSS   %MEM  Command
10:04:11 PM IST  1000     37042    1.00    0.00    0.00    0.00    1.00     5      6.00      0.00 2919300   60896   0.38  race-control

# Time        UID       PID    %usr %system  %guest   %wait    %CPU   CPU  minflt/s  majflt/s     VSZ     RSS   %MEM  Command
10:04:12 PM IST  1000     37042    1.00    1.00    0.00    0.00    2.00     5      5.00      0.00 2919300   60896   0.38  race-control

# Time        UID       PID    %usr %system  %guest   %wait    %CPU   CPU  minflt/s  majflt/s     VSZ     RSS   %MEM  Command
10:04:13 PM IST  1000     37042    0.00    0.00    0.00    0.00    0.00     5      4.00      0.00 2919300   60896   0.38  race-control

# Time        UID       PID    %usr %system  %guest   %wait    %CPU   CPU  minflt/s  majflt/s     VSZ     RSS   %MEM  Command
10:04:14 PM IST  1000     37042    1.00    0.00    0.00    0.00    1.00     5      6.00      0.00 2919300   61024   0.38  race-control

# Time        UID       PID    %usr %system  %guest   %wait    %CPU   CPU  minflt/s  majflt/s     VSZ     RSS   %MEM  Command
10:04:15 PM IST  1000     37042    1.00    0.00    0.00    0.00    1.00     5      6.00      0.00 2919300   61152   0.38  race-control

# Time        UID       PID    %usr %system  %guest   %wait    %CPU   CPU  minflt/s  majflt/s     VSZ     RSS   %MEM  Command
10:04:16 PM IST  1000     37042    1.00    0.00    0.00    0.00    1.00     5      6.00      0.00 2919300   61280   0.38  race-control

# Time        UID       PID    %usr %system  %guest   %wait    %CPU   CPU  minflt/s  majflt/s     VSZ     RSS   %MEM  Command
10:04:17 PM IST  1000     37042    2.00    0.00    0.00    0.00    2.00     5      6.00      0.00 2919300   61280   0.38  race-control

# Time        UID       PID    %usr %system  %guest   %wait    %CPU   CPU  minflt/s  majflt/s     VSZ     RSS   %MEM  Command
10:04:18 PM IST  1000     37042    1.00    0.00    0.00    0.00    1.00     5      5.00      0.00 2919300   61280   0.38  race-control

# Time        UID       PID    %usr %system  %guest   %wait    %CPU   CPU  minflt/s  majflt/s     VSZ     RSS   %MEM  Command
10:04:19 PM IST  1000     37042    2.00    1.00    0.00    0.00    3.00     5      7.00      0.00 2919300   61280   0.38  race-control

# Time        UID       PID    %usr %system  %guest   %wait    %CPU   CPU  minflt/s  majflt/s     VSZ     RSS   %MEM  Command
10:04:20 PM IST  1000     37042    1.00    0.00    0.00    0.00    1.00     5      5.00      0.00 2919300   61280   0.38  race-control

# Time        UID       PID    %usr %system  %guest   %wait    %CPU   CPU  minflt/s  majflt/s     VSZ     RSS   %MEM  Command
10:04:21 PM IST  1000     37042    1.00    0.00    0.00    0.00    1.00     5      6.00      0.00 2919300   61280   0.38  race-control

# Time        UID       PID    %usr %system  %guest   %wait    %CPU   CPU  minflt/s  majflt/s     VSZ     RSS   %MEM  Command
10:04:22 PM IST  1000     37042    1.00    0.00    0.00    0.00    1.00     5      6.00      0.00 2919300   61408   0.38  race-control

# Time        UID       PID    %usr %system  %guest   %wait    %CPU   CPU  minflt/s  majflt/s     VSZ     RSS   %MEM  Command
10:04:23 PM IST  1000     37042    1.00    0.00    0.00    0.00    1.00     5      6.00      0.00 2919300   61536   0.39  race-control

# Time        UID       PID    %usr %system  %guest   %wait    %CPU   CPU  minflt/s  majflt/s     VSZ     RSS   %MEM  Command
10:04:24 PM IST  1000     37042    1.00    0.00    0.00    0.00    1.00     5      6.00      0.00 2919300   61536   0.39  race-control

# Time        UID       PID    %usr %system  %guest   %wait    %CPU   CPU  minflt/s  majflt/s     VSZ     RSS   %MEM  Command
10:04:25 PM IST  1000     37042    1.00    0.00    0.00    0.00    1.00     5      5.00      0.00 2919300   61536   0.39  race-control

# Time        UID       PID    %usr %system  %guest   %wait    %CPU   CPU  minflt/s  majflt/s     VSZ     RSS   %MEM  Command
10:04:26 PM IST  1000     37042    1.00    0.00    0.00    0.00    1.00     5      6.00      0.00 2919300   61536   0.39  race-control

# Time        UID       PID    %usr %system  %guest   %wait    %CPU   CPU  minflt/s  majflt/s     VSZ     RSS   %MEM  Command
10:04:27 PM IST  1000     37042    1.00    0.00    0.00    0.00    1.00     5      4.00      0.00 2919300   61536   0.39  race-control

# Time        UID       PID    %usr %system  %guest   %wait    %CPU   CPU  minflt/s  majflt/s     VSZ     RSS   %MEM  Command
10:04:28 PM IST  1000     37042    1.00    0.00    0.00    0.00    1.00     5      5.00      0.00 2919300   61536   0.39  race-control

# Time        UID       PID    %usr %system  %guest   %wait    %CPU   CPU  minflt/s  majflt/s     VSZ     RSS   %MEM  Command
10:04:29 PM IST  1000     37042    1.00    0.00    0.00    0.00    1.00     5      6.00      0.00 2919300   61536   0.39  race-control

# Time        UID       PID    %usr %system  %guest   %wait    %CPU   CPU  minflt/s  majflt/s     VSZ     RSS   %MEM  Command
10:04:30 PM IST  1000     37042    0.00    1.00    0.00    0.00    1.00     5      4.00      0.00 2919300   61536   0.39  race-control

# Time        UID       PID    %usr %system  %guest   %wait    %CPU   CPU  minflt/s  majflt/s     VSZ     RSS   %MEM  Command
10:04:31 PM IST  1000     37042    2.00    0.00    0.00    0.00    2.00     5      6.00      0.00 2919300   61536   0.39  race-control

# Time        UID       PID    %usr %system  %guest   %wait    %CPU   CPU  minflt/s  majflt/s     VSZ     RSS   %MEM  Command
10:04:32 PM IST  1000     37042    1.00    0.00    0.00    0.00    1.00     5      5.00      0.00 2919300   61536   0.39  race-control

# Time        UID       PID    %usr %system  %guest   %wait    %CPU   CPU  minflt/s  majflt/s     VSZ     RSS   %MEM  Command
10:04:33 PM IST  1000     37042    2.00    0.00    0.00    0.00    2.00     5      6.00      0.00 2919300   61536   0.39  race-control

# Time        UID       PID    %usr %system  %guest   %wait    %CPU   CPU  minflt/s  majflt/s     VSZ     RSS   %MEM  Command
10:04:34 PM IST  1000     37042    1.00    0.00    0.00    0.00    1.00     5      5.00      0.00 2919300   59968   0.38  race-control

# Time        UID       PID    %usr %system  %guest   %wait    %CPU   CPU  minflt/s  majflt/s     VSZ     RSS   %MEM  Command
10:04:35 PM IST  1000     37042    1.00    0.00    0.00    0.00    1.00     5      6.00      0.00 2919300   59968   0.38  race-control

# Time        UID       PID    %usr %system  %guest   %wait    %CPU   CPU  minflt/s  majflt/s     VSZ     RSS   %MEM  Command
10:04:36 PM IST  1000     37042    1.00    1.00    0.00    0.00    2.00     5      5.00      0.00 2919300   59968   0.38  race-control

# Time        UID       PID    %usr %system  %guest   %wait    %CPU   CPU  minflt/s  majflt/s     VSZ     RSS   %MEM  Command
10:04:37 PM IST  1000     37042    1.00    0.00    0.00    0.00    1.00     5      6.00      0.00 2919300   59968   0.38  race-control

# Time        UID       PID    %usr %system  %guest   %wait    %CPU   CPU  minflt/s  majflt/s     VSZ     RSS   %MEM  Command
10:04:38 PM IST  1000     37042    1.00    0.00    0.00    0.00    1.00     5      6.00      0.00 2919300   59968   0.38  race-control

# Time        UID       PID    %usr %system  %guest   %wait    %CPU   CPU  minflt/s  majflt/s     VSZ     RSS   %MEM  Command
10:04:39 PM IST  1000     37042    1.00    0.00    0.00    0.00    1.00     5      5.00      0.00 2919300   59968   0.38  race-control

# Time        UID       PID    %usr %system  %guest   %wait    %CPU   CPU  minflt/s  majflt/s     VSZ     RSS   %MEM  Command
10:04:40 PM IST  1000     37042    1.00    0.00    0.00    0.00    1.00     5      5.00      0.00 2919300   59968   0.38  race-control

# Time        UID       PID    %usr %system  %guest   %wait    %CPU   CPU  minflt/s  majflt/s     VSZ     RSS   %MEM  Command
10:04:41 PM IST  1000     37042    1.00    0.00    0.00    0.00    1.00     5      6.00      0.00 2919300   60096   0.38  race-control

# Time        UID       PID    %usr %system  %guest   %wait    %CPU   CPU  minflt/s  majflt/s     VSZ     RSS   %MEM  Command
10:04:42 PM IST  1000     37042    0.00    0.00    0.00    0.00    0.00     5      5.00      0.00 2919300   60224   0.38  race-control

# Time        UID       PID    %usr %system  %guest   %wait    %CPU   CPU  minflt/s  majflt/s     VSZ     RSS   %MEM  Command
10:04:43 PM IST  1000     37042    1.00    0.00    0.00    0.00    1.00     5      6.00      0.00 2919300   60224   0.38  race-control

# Time        UID       PID    %usr %system  %guest   %wait    %CPU   CPU  minflt/s  majflt/s     VSZ     RSS   %MEM  Command
10:04:44 PM IST  1000     37042    1.00    1.00    0.00    0.00    2.00     5      5.00      0.00 2919300   60224   0.38  race-control

# Time        UID       PID    %usr %system  %guest   %wait    %CPU   CPU  minflt/s  majflt/s     VSZ     RSS   %MEM  Command
10:04:45 PM IST  1000     37042    1.00    0.00    0.00    0.00    1.00     5      6.00      0.00 2919300   60224   0.38  race-control

# Time        UID       PID    %usr %system  %guest   %wait    %CPU   CPU  minflt/s  majflt/s     VSZ     RSS   %MEM  Command
10:04:46 PM IST  1000     37042    1.00    0.00    0.00    0.00    1.00     5      6.00      0.00 2919300   60224   0.38  race-control

# Time        UID       PID    %usr %system  %guest   %wait    %CPU   CPU  minflt/s  majflt/s     VSZ     RSS   %MEM  Command
10:04:47 PM IST  1000     37042    3.00    0.00    0.00    0.00    3.00     5      5.00      0.00 2919300   60352   0.38  race-control

# Time        UID       PID    %usr %system  %guest   %wait    %CPU   CPU  minflt/s  majflt/s     VSZ     RSS   %MEM  Command
10:04:48 PM IST  1000     37042    1.00    0.00    0.00    0.00    1.00     5      6.00      0.00 2919300   60480   0.38  race-control

# Time        UID       PID    %usr %system  %guest   %wait    %CPU   CPU  minflt/s  majflt/s     VSZ     RSS   %MEM  Command
10:04:49 PM IST  1000     37042    1.00    1.00    0.00    0.00    2.00     5      6.00      0.00 2919300   60480   0.38  race-control

# Time        UID       PID    %usr %system  %guest   %wait    %CPU   CPU  minflt/s  majflt/s     VSZ     RSS   %MEM  Command
10:04:50 PM IST  1000     37042    1.00    0.00    0.00    0.00    1.00     5      5.00      0.00 2919300   60480   0.38  race-control

# Time        UID       PID    %usr %system  %guest   %wait    %CPU   CPU  minflt/s  majflt/s     VSZ     RSS   %MEM  Command
10:04:51 PM IST  1000     37042    1.00    0.00    0.00    0.00    1.00     5      6.00      0.00 2919300   60480   0.38  race-control

# Time        UID       PID    %usr %system  %guest   %wait    %CPU   CPU  minflt/s  majflt/s     VSZ     RSS   %MEM  Command
10:04:52 PM IST  1000     37042    1.00    0.00    0.00    0.00    1.00     5      5.00      0.00 2919300   60480   0.38  race-control

# Time        UID       PID    %usr %system  %guest   %wait    %CPU   CPU  minflt/s  majflt/s     VSZ     RSS   %MEM  Command
10:04:53 PM IST  1000     37042    1.00    0.00    0.00    0.00    1.00     5      5.00      0.00 2919300   60480   0.38  race-control

# Time        UID       PID    %usr %system  %guest   %wait    %CPU   CPU  minflt/s  majflt/s     VSZ     RSS   %MEM  Command
10:04:54 PM IST  1000     37042    0.99    0.00    0.00    0.00    0.99     5      4.95      0.00 2919300   60480   0.38  race-control

# Time        UID       PID    %usr %system  %guest   %wait    %CPU   CPU  minflt/s  majflt/s     VSZ     RSS   %MEM  Command
10:04:55 PM IST  1000     37042    1.00    0.00    0.00    0.00    1.00     5      6.00      0.00 2919300   60480   0.38  race-control

# Time        UID       PID    %usr %system  %guest   %wait    %CPU   CPU  minflt/s  majflt/s     VSZ     RSS   %MEM  Command
10:04:56 PM IST  1000     37042    1.00    0.00    0.00    0.00    1.00     5      6.00      0.00 2919300   60480   0.38  race-control

# Time        UID       PID    %usr %system  %guest   %wait    %CPU   CPU  minflt/s  majflt/s     VSZ     RSS   %MEM  Command
10:04:57 PM IST  1000     37042    1.00    0.00    0.00    0.00    1.00     5      5.00      0.00 2919300   60480   0.38  race-control

# Time        UID       PID    %usr %system  %guest   %wait    %CPU   CPU  minflt/s  majflt/s     VSZ     RSS   %MEM  Command
10:04:58 PM IST  1000     37042    1.00    0.00    0.00    0.00    1.00     5      5.00      0.00 2919300   60480   0.38  race-control

# Time        UID       PID    %usr %system  %guest   %wait    %CPU   CPU  minflt/s  majflt/s     VSZ     RSS   %MEM  Command
10:04:59 PM IST  1000     37042    1.00    0.00    0.00    0.00    1.00     5      6.00      0.00 2919300   60480   0.38  race-control

# Time        UID       PID    %usr %system  %guest   %wait    %CPU   CPU  minflt/s  majflt/s     VSZ     RSS   %MEM  Command
10:05:00 PM IST  1000     37042    1.00    0.00    0.00    0.00    1.00     5      5.00      0.00 2919300   60480   0.38  race-control

# Time        UID       PID    %usr %system  %guest   %wait    %CPU   CPU  minflt/s  majflt/s     VSZ     RSS   %MEM  Command
10:05:01 PM IST  1000     37042    1.00    0.00    0.00    0.00    1.00     5     63.00      0.00 2919300   60736   0.38  race-control

# Time        UID       PID    %usr %system  %guest   %wait    %CPU   CPU  minflt/s  majflt/s     VSZ     RSS   %MEM  Command
10:05:02 PM IST  1000     37042    3.00    0.00    0.00    0.00    3.00     5     84.00      0.00 2919300   60736   0.38  race-control

# Time        UID       PID    %usr %system  %guest   %wait    %CPU   CPU  minflt/s  majflt/s     VSZ     RSS   %MEM  Command
10:05:03 PM IST  1000     37042    1.00    1.00    0.00    0.00    2.00     5     10.00      0.00 2919300   60736   0.38  race-control

# Time        UID       PID    %usr %system  %guest   %wait    %CPU   CPU  minflt/s  majflt/s     VSZ     RSS   %MEM  Command
10:05:04 PM IST  1000     37042    1.00    0.00    0.00    0.00    1.00     5      7.00      0.00 2919300   60864   0.38  race-control

# Time        UID       PID    %usr %system  %guest   %wait    %CPU   CPU  minflt/s  majflt/s     VSZ     RSS   %MEM  Command
10:05:05 PM IST  1000     37042    1.00    0.00    0.00    0.00    1.00     5     24.00      0.00 2919300   60864   0.38  race-control

# Time        UID       PID    %usr %system  %guest   %wait    %CPU   CPU  minflt/s  majflt/s     VSZ     RSS   %MEM  Command
10:05:06 PM IST  1000     37042    1.00    0.00    0.00    0.00    1.00     5     40.00      0.00 2919300   60864   0.38  race-control

# Time        UID       PID    %usr %system  %guest   %wait    %CPU   CPU  minflt/s  majflt/s     VSZ     RSS   %MEM  Command
10:05:07 PM IST  1000     37042    1.00    0.00    0.00    0.00    1.00     5     22.00      0.00 2919300   60992   0.38  race-control

# Time        UID       PID    %usr %system  %guest   %wait    %CPU   CPU  minflt/s  majflt/s     VSZ     RSS   %MEM  Command
10:05:08 PM IST  1000     37042    1.00    0.00    0.00    0.00    1.00     5     18.00      0.00 2919300   61248   0.38  race-control

# Time        UID       PID    %usr %system  %guest   %wait    %CPU   CPU  minflt/s  majflt/s     VSZ     RSS   %MEM  Command
10:05:09 PM IST  1000     37042    1.00    0.00    0.00    0.00    1.00     5     14.00      0.00 2919300   61376   0.38  race-control

# Time        UID       PID    %usr %system  %guest   %wait    %CPU   CPU  minflt/s  majflt/s     VSZ     RSS   %MEM  Command
10:05:10 PM IST  1000     37042    1.00    0.00    0.00    0.00    1.00     5     33.00      0.00 2919300   61504   0.39  race-control

# Time        UID       PID    %usr %system  %guest   %wait    %CPU   CPU  minflt/s  majflt/s     VSZ     RSS   %MEM  Command
10:05:11 PM IST  1000     37042    1.00    1.00    0.00    0.00    2.00     5      6.00      0.00 2919300   61504   0.39  race-control

# Time        UID       PID    %usr %system  %guest   %wait    %CPU   CPU  minflt/s  majflt/s     VSZ     RSS   %MEM  Command
10:05:12 PM IST  1000     37042    1.00    0.00    0.00    0.00    1.00     5      5.00      0.00 2919300   61504   0.39  race-control

# Time        UID       PID    %usr %system  %guest   %wait    %CPU   CPU  minflt/s  majflt/s     VSZ     RSS   %MEM  Command
10:05:13 PM IST  1000     37042    0.00    0.00    0.00    0.00    0.00     5      4.00      0.00 2919300   61504   0.39  race-control

# Time        UID       PID    %usr %system  %guest   %wait    %CPU   CPU  minflt/s  majflt/s     VSZ     RSS   %MEM  Command
10:05:14 PM IST  1000     37042    1.00    0.00    0.00    0.00    1.00     5      6.00      0.00 2919300   61632   0.39  race-control

# Time        UID       PID    %usr %system  %guest   %wait    %CPU   CPU  minflt/s  majflt/s     VSZ     RSS   %MEM  Command
10:05:15 PM IST  1000     37042    1.00    0.00    0.00    0.00    1.00     5      5.00      0.00 2919300   61632   0.39  race-control

# Time        UID       PID    %usr %system  %guest   %wait    %CPU   CPU  minflt/s  majflt/s     VSZ     RSS   %MEM  Command
10:05:16 PM IST  1000     37042    3.00    1.00    0.00    0.00    4.00     5     33.00      0.00 2919300   61632   0.39  race-control

# Time        UID       PID    %usr %system  %guest   %wait    %CPU   CPU  minflt/s  majflt/s     VSZ     RSS   %MEM  Command
10:05:17 PM IST  1000     37042    0.00    0.00    0.00    0.00    0.00     5      6.00      0.00 2919300   61632   0.39  race-control

# Time        UID       PID    %usr %system  %guest   %wait    %CPU   CPU  minflt/s  majflt/s     VSZ     RSS   %MEM  Command
10:05:18 PM IST  1000     37042    1.00    0.00    0.00    0.00    1.00     5      5.00      0.00 2919300   61632   0.39  race-control

# Time        UID       PID    %usr %system  %guest   %wait    %CPU   CPU  minflt/s  majflt/s     VSZ     RSS   %MEM  Command
10:05:19 PM IST  1000     37042    1.00    0.00    0.00    0.00    1.00     5      5.00      0.00 2919300   61632   0.39  race-control

# Time        UID       PID    %usr %system  %guest   %wait    %CPU   CPU  minflt/s  majflt/s     VSZ     RSS   %MEM  Command
10:05:20 PM IST  1000     37042    1.00    0.00    0.00    0.00    1.00     5      6.00      0.00 2919300   61632   0.39  race-control

# Time        UID       PID    %usr %system  %guest   %wait    %CPU   CPU  minflt/s  majflt/s     VSZ     RSS   %MEM  Command
10:05:21 PM IST  1000     37042    1.00    0.00    0.00    0.00    1.00     5      5.00      0.00 2919300   61632   0.39  race-control

# Time        UID       PID    %usr %system  %guest   %wait    %CPU   CPU  minflt/s  majflt/s     VSZ     RSS   %MEM  Command
10:05:22 PM IST  1000     37042    1.00    1.00    0.00    0.00    2.00     5      6.00      0.00 2919300   61632   0.39  race-control

# Time        UID       PID    %usr %system  %guest   %wait    %CPU   CPU  minflt/s  majflt/s     VSZ     RSS   %MEM  Command
10:05:23 PM IST  1000     37042    2.00    0.00    0.00    0.00    2.00     5      7.00      0.00 2919300   61632   0.39  race-control

# Time        UID       PID    %usr %system  %guest   %wait    %CPU   CPU  minflt/s  majflt/s     VSZ     RSS   %MEM  Command
10:05:24 PM IST  1000     37042    1.00    0.00    0.00    0.00    1.00     5      5.00      0.00 2919300   61760   0.39  race-control

# Time        UID       PID    %usr %system  %guest   %wait    %CPU   CPU  minflt/s  majflt/s     VSZ     RSS   %MEM  Command
10:05:25 PM IST  1000     37042    1.00    0.00    0.00    0.00    1.00     5      6.00      0.00 2919300   61888   0.39  race-control

# Time        UID       PID    %usr %system  %guest   %wait    %CPU   CPU  minflt/s  majflt/s     VSZ     RSS   %MEM  Command
10:05:26 PM IST  1000     37042    1.00    0.00    0.00    0.00    1.00     5      5.00      0.00 2919300   62016   0.39  race-control

# Time        UID       PID    %usr %system  %guest   %wait    %CPU   CPU  minflt/s  majflt/s     VSZ     RSS   %MEM  Command
10:05:27 PM IST  1000     37042    1.00    0.00    0.00    0.00    1.00     5      5.00      0.00 2919300   62016   0.39  race-control

# Time        UID       PID    %usr %system  %guest   %wait    %CPU   CPU  minflt/s  majflt/s     VSZ     RSS   %MEM  Command
10:05:28 PM IST  1000     37042    0.00    0.00    0.00    0.00    0.00     5      5.00      0.00 2919300   62144   0.39  race-control

# Time        UID       PID    %usr %system  %guest   %wait    %CPU   CPU  minflt/s  majflt/s     VSZ     RSS   %MEM  Command
10:05:29 PM IST  1000     37042    1.00    1.00    0.00    0.00    2.00     5      5.00      0.00 2919300   62272   0.39  race-control

# Time        UID       PID    %usr %system  %guest   %wait    %CPU   CPU  minflt/s  majflt/s     VSZ     RSS   %MEM  Command
10:05:30 PM IST  1000     37042    2.00    0.00    0.00    0.00    2.00     5      4.00      0.00 2919300   62272   0.39  race-control

# Time        UID       PID    %usr %system  %guest   %wait    %CPU   CPU  minflt/s  majflt/s     VSZ     RSS   %MEM  Command
10:05:31 PM IST  1000     37042    2.00    0.00    0.00    0.00    2.00     5      6.00      0.00 2919300   62272   0.39  race-control

# Time        UID       PID    %usr %system  %guest   %wait    %CPU   CPU  minflt/s  majflt/s     VSZ     RSS   %MEM  Command
10:05:32 PM IST  1000     37042    0.00    0.00    0.00    0.00    0.00     5      6.00      0.00 2919300   62528   0.39  race-control

# Time        UID       PID    %usr %system  %guest   %wait    %CPU   CPU  minflt/s  majflt/s     VSZ     RSS   %MEM  Command
10:05:33 PM IST  1000     37042    2.00    0.00    0.00    0.00    2.00     5      5.00      0.00 2919300   62528   0.39  race-control

# Time        UID       PID    %usr %system  %guest   %wait    %CPU   CPU  minflt/s  majflt/s     VSZ     RSS   %MEM  Command
10:05:34 PM IST  1000     37042    1.00    0.00    0.00    0.00    1.00     5      6.00      0.00 2919300   62528   0.39  race-control

# Time        UID       PID    %usr %system  %guest   %wait    %CPU   CPU  minflt/s  majflt/s     VSZ     RSS   %MEM  Command
10:05:35 PM IST  1000     37042    1.00    0.00    0.00    0.00    1.00     5      5.00      0.00 2919300   62656   0.39  race-control

# Time        UID       PID    %usr %system  %guest   %wait    %CPU   CPU  minflt/s  majflt/s     VSZ     RSS   %MEM  Command
10:05:36 PM IST  1000     37042    0.00    1.00    0.00    0.00    1.00     5      6.00      0.00 2919300   62656   0.39  race-control

# Time        UID       PID    %usr %system  %guest   %wait    %CPU   CPU  minflt/s  majflt/s     VSZ     RSS   %MEM  Command
10:05:37 PM IST  1000     37042    1.00    0.00    0.00    0.00    1.00     5      6.00      0.00 2919300   62656   0.39  race-control

# Time        UID       PID    %usr %system  %guest   %wait    %CPU   CPU  minflt/s  majflt/s     VSZ     RSS   %MEM  Command
10:05:38 PM IST  1000     37042    1.00    0.00    0.00    0.00    1.00     5      5.00      0.00 2919300   62656   0.39  race-control

# Time        UID       PID    %usr %system  %guest   %wait    %CPU   CPU  minflt/s  majflt/s     VSZ     RSS   %MEM  Command
10:05:39 PM IST  1000     37042    1.00    0.00    0.00    0.00    1.00     5      6.00      0.00 2919300   62656   0.39  race-control

# Time        UID       PID    %usr %system  %guest   %wait    %CPU   CPU  minflt/s  majflt/s     VSZ     RSS   %MEM  Command
10:05:40 PM IST  1000     37042    1.00    0.00    0.00    0.00    1.00     5      5.00      0.00 2919300   62656   0.39  race-control

# Time        UID       PID    %usr %system  %guest   %wait    %CPU   CPU  minflt/s  majflt/s     VSZ     RSS   %MEM  Command
10:05:41 PM IST  1000     37042    1.00    1.00    0.00    0.00    2.00     5      5.00      0.00 2919300   62656   0.39  race-control

# Time        UID       PID    %usr %system  %guest   %wait    %CPU   CPU  minflt/s  majflt/s     VSZ     RSS   %MEM  Command
10:05:42 PM IST  1000     37042    1.00    0.00    0.00    0.00    1.00     5      5.00      0.00 2919300   62656   0.39  race-control

# Time        UID       PID    %usr %system  %guest   %wait    %CPU   CPU  minflt/s  majflt/s     VSZ     RSS   %MEM  Command
10:05:43 PM IST  1000     37042    1.00    0.00    0.00    0.00    1.00     5      7.00      0.00 2919300   62656   0.39  race-control

# Time        UID       PID    %usr %system  %guest   %wait    %CPU   CPU  minflt/s  majflt/s     VSZ     RSS   %MEM  Command
10:05:44 PM IST  1000     37042    3.00    0.00    0.00    0.00    3.00     5      6.00      0.00 2919300   62656   0.39  race-control

# Time        UID       PID    %usr %system  %guest   %wait    %CPU   CPU  minflt/s  majflt/s     VSZ     RSS   %MEM  Command
10:05:45 PM IST  1000     37042    1.00    0.00    0.00    0.00    1.00     5      6.00      0.00 2919300   62656   0.39  race-control

# Time        UID       PID    %usr %system  %guest   %wait    %CPU   CPU  minflt/s  majflt/s     VSZ     RSS   %MEM  Command
10:05:46 PM IST  1000     37042    0.00    0.00    0.00    0.00    0.00     5      5.00      0.00 2919300   62656   0.39  race-control

# Time        UID       PID    %usr %system  %guest   %wait    %CPU   CPU  minflt/s  majflt/s     VSZ     RSS   %MEM  Command
10:05:47 PM IST  1000     37042    1.00    0.00    0.00    0.00    1.00     5      7.00      0.00 2919300   62656   0.39  race-control

# Time        UID       PID    %usr %system  %guest   %wait    %CPU   CPU  minflt/s  majflt/s     VSZ     RSS   %MEM  Command
10:05:48 PM IST  1000     37042    2.00    0.00    0.00    0.00    2.00     5      6.00      0.00 2919300   62656   0.39  race-control

# Time        UID       PID    %usr %system  %guest   %wait    %CPU   CPU  minflt/s  majflt/s     VSZ     RSS   %MEM  Command
10:05:49 PM IST  1000     37042    1.00    0.00    0.00    0.00    1.00     5      6.00      0.00 2919300   62656   0.39  race-control

# Time        UID       PID    %usr %system  %guest   %wait    %CPU   CPU  minflt/s  majflt/s     VSZ     RSS   %MEM  Command
10:05:50 PM IST  1000     37042    1.00    1.00    0.00    0.00    2.00     5      5.00      0.00 2919300   62656   0.39  race-control

# Time        UID       PID    %usr %system  %guest   %wait    %CPU   CPU  minflt/s  majflt/s     VSZ     RSS   %MEM  Command
10:05:51 PM IST  1000     37042    1.00    0.00    0.00    0.00    1.00     5      5.00      0.00 2919300   62656   0.39  race-control

# Time        UID       PID    %usr %system  %guest   %wait    %CPU   CPU  minflt/s  majflt/s     VSZ     RSS   %MEM  Command
10:05:52 PM IST  1000     37042    1.00    0.00    0.00    0.00    1.00     5      6.00      0.00 2919300   62656   0.39  race-control

# Time        UID       PID    %usr %system  %guest   %wait    %CPU   CPU  minflt/s  majflt/s     VSZ     RSS   %MEM  Command
10:05:53 PM IST  1000     37042    0.00    0.00    0.00    0.00    0.00     5      5.00      0.00 2919300   62656   0.39  race-control

# Time        UID       PID    %usr %system  %guest   %wait    %CPU   CPU  minflt/s  majflt/s     VSZ     RSS   %MEM  Command
10:05:54 PM IST  1000     37042    1.00    0.00    0.00    0.00    1.00     5      5.00      0.00 2919300   62656   0.39  race-control

# Time        UID       PID    %usr %system  %guest   %wait    %CPU   CPU  minflt/s  majflt/s     VSZ     RSS   %MEM  Command
10:05:55 PM IST  1000     37042    1.00    0.00    0.00    0.00    1.00     5      5.00      0.00 2919300   62656   0.39  race-control

# Time        UID       PID    %usr %system  %guest   %wait    %CPU   CPU  minflt/s  majflt/s     VSZ     RSS   %MEM  Command
10:05:56 PM IST  1000     37042    1.00    0.00    0.00    0.00    1.00     5      6.00      0.00 2919300   62656   0.39  race-control

# Time        UID       PID    %usr %system  %guest   %wait    %CPU   CPU  minflt/s  majflt/s     VSZ     RSS   %MEM  Command
10:05:57 PM IST  1000     37042    1.00    1.00    0.00    0.00    2.00     5      6.00      0.00 2919300   62656   0.39  race-control

# Time        UID       PID    %usr %system  %guest   %wait    %CPU   CPU  minflt/s  majflt/s     VSZ     RSS   %MEM  Command
10:05:58 PM IST  1000     37042    3.00    0.00    0.00    0.00    3.00     5      5.00      0.00 2919300   62656   0.39  race-control

# Time        UID       PID    %usr %system  %guest   %wait    %CPU   CPU  minflt/s  majflt/s     VSZ     RSS   %MEM  Command
10:05:59 PM IST  1000     37042    1.00    0.00    0.00    0.00    1.00     5      5.00      0.00 2919300   62656   0.39  race-control

# Time        UID       PID    %usr %system  %guest   %wait    %CPU   CPU  minflt/s  majflt/s     VSZ     RSS   %MEM  Command
10:06:00 PM IST  1000     37042    1.00    0.00    0.00    0.00    1.00     5      6.00      0.00 2919300   62784   0.39  race-control

# Time        UID       PID    %usr %system  %guest   %wait    %CPU   CPU  minflt/s  majflt/s     VSZ     RSS   %MEM  Command
10:06:01 PM IST  1000     37042    1.00    0.00    0.00    0.00    1.00     5      5.00      0.00 2919300   62784   0.39  race-control

# Time        UID       PID    %usr %system  %guest   %wait    %CPU   CPU  minflt/s  majflt/s     VSZ     RSS   %MEM  Command
10:06:02 PM IST  1000     37042    1.00    0.00    0.00    0.00    1.00     5      6.00      0.00 2919300   62784   0.39  race-control

# Time        UID       PID    %usr %system  %guest   %wait    %CPU   CPU  minflt/s  majflt/s     VSZ     RSS   %MEM  Command
10:06:03 PM IST  1000     37042    1.00    0.00    0.00    0.00    1.00     5      5.00      0.00 2919300   62784   0.39  race-control

# Time        UID       PID    %usr %system  %guest   %wait    %CPU   CPU  minflt/s  majflt/s     VSZ     RSS   %MEM  Command
10:06:04 PM IST  1000     37042    0.00    0.00    0.00    0.00    0.00     5      6.00      0.00 2919300   62784   0.39  race-control

# Time        UID       PID    %usr %system  %guest   %wait    %CPU   CPU  minflt/s  majflt/s     VSZ     RSS   %MEM  Command
10:06:05 PM IST  1000     37042    1.00    0.00    0.00    0.00    1.00     5      6.00      0.00 2919300   62784   0.39  race-control

# Time        UID       PID    %usr %system  %guest   %wait    %CPU   CPU  minflt/s  majflt/s     VSZ     RSS   %MEM  Command
10:06:06 PM IST  1000     37042    2.00    0.00    0.00    0.00    2.00     5      6.00      0.00 2919300   62912   0.39  race-control

# Time        UID       PID    %usr %system  %guest   %wait    %CPU   CPU  minflt/s  majflt/s     VSZ     RSS   %MEM  Command
10:06:07 PM IST  1000     37042    1.00    0.00    0.00    0.00    1.00     5      6.00      0.00 2919300   62912   0.39  race-control

# Time        UID       PID    %usr %system  %guest   %wait    %CPU   CPU  minflt/s  majflt/s     VSZ     RSS   %MEM  Command
10:06:08 PM IST  1000     37042    0.00    1.00    0.00    0.00    1.00     5      4.00      0.00 2919300   62912   0.39  race-control

# Time        UID       PID    %usr %system  %guest   %wait    %CPU   CPU  minflt/s  majflt/s     VSZ     RSS   %MEM  Command
10:06:09 PM IST  1000     37042    1.00    0.00    0.00    0.00    1.00     5      5.00      0.00 2919300   63040   0.39  race-control

# Time        UID       PID    %usr %system  %guest   %wait    %CPU   CPU  minflt/s  majflt/s     VSZ     RSS   %MEM  Command
10:06:10 PM IST  1000     37042    1.00    0.00    0.00    0.00    1.00     5      6.00      0.00 2919300   63040   0.39  race-control

# Time        UID       PID    %usr %system  %guest   %wait    %CPU   CPU  minflt/s  majflt/s     VSZ     RSS   %MEM  Command
10:06:11 PM IST  1000     37042    1.00    0.00    0.00    0.00    1.00     5      5.00      0.00 2919300   63040   0.39  race-control

# Time        UID       PID    %usr %system  %guest   %wait    %CPU   CPU  minflt/s  majflt/s     VSZ     RSS   %MEM  Command
10:06:12 PM IST  1000     37042    3.00    0.00    0.00    0.00    3.00     5      5.00      0.00 2919300   63040   0.39  race-control

# Time        UID       PID    %usr %system  %guest   %wait    %CPU   CPU  minflt/s  majflt/s     VSZ     RSS   %MEM  Command
10:06:13 PM IST  1000     37042    1.00    0.00    0.00    0.00    1.00     5      5.00      0.00 2919300   63040   0.39  race-control

# Time        UID       PID    %usr %system  %guest   %wait    %CPU   CPU  minflt/s  majflt/s     VSZ     RSS   %MEM  Command
10:06:14 PM IST  1000     37042    0.00    1.00    0.00    0.00    1.00     5      6.00      0.00 2919300   63040   0.39  race-control

# Time        UID       PID    %usr %system  %guest   %wait    %CPU   CPU  minflt/s  majflt/s     VSZ     RSS   %MEM  Command
10:06:15 PM IST  1000     37042    1.00    0.00    0.00    0.00    1.00     5     24.00      0.00 2919300   63040   0.39  race-control

# Time        UID       PID    %usr %system  %guest   %wait    %CPU   CPU  minflt/s  majflt/s     VSZ     RSS   %MEM  Command
10:06:16 PM IST  1000     37042    1.00    0.00    0.00    0.00    1.00     5     23.00      0.00 2919300   63168   0.40  race-control

# Time        UID       PID    %usr %system  %guest   %wait    %CPU   CPU  minflt/s  majflt/s     VSZ     RSS   %MEM  Command
10:06:17 PM IST  1000     37042    1.00    0.00    0.00    0.00    1.00     5     39.00      0.00 2919300   63296   0.40  race-control

# Time        UID       PID    %usr %system  %guest   %wait    %CPU   CPU  minflt/s  majflt/s     VSZ     RSS   %MEM  Command
10:06:18 PM IST  1000     37042    1.00    0.00    0.00    0.00    1.00     5     13.00      0.00 2919300   63424   0.40  race-control

# Time        UID       PID    %usr %system  %guest   %wait    %CPU   CPU  minflt/s  majflt/s     VSZ     RSS   %MEM  Command
10:06:19 PM IST  1000     37042    1.00    1.00    0.00    0.00    2.00     5     15.00      0.00 2919300   63552   0.40  race-control

# Time        UID       PID    %usr %system  %guest   %wait    %CPU   CPU  minflt/s  majflt/s     VSZ     RSS   %MEM  Command
10:06:20 PM IST  1000     37042    1.00    0.00    0.00    0.00    1.00     5      8.00      0.00 2919300   63808   0.40  race-control

# Time        UID       PID    %usr %system  %guest   %wait    %CPU   CPU  minflt/s  majflt/s     VSZ     RSS   %MEM  Command
10:06:21 PM IST  1000     37042    1.00    0.00    0.00    0.00    1.00     5      5.00      0.00 2919300   63808   0.40  race-control

# Time        UID       PID    %usr %system  %guest   %wait    %CPU   CPU  minflt/s  majflt/s     VSZ     RSS   %MEM  Command
10:06:22 PM IST  1000     37042    1.00    0.00    0.00    0.00    1.00     5      5.00      0.00 2919300   63808   0.40  race-control

# Time        UID       PID    %usr %system  %guest   %wait    %CPU   CPU  minflt/s  majflt/s     VSZ     RSS   %MEM  Command
10:06:23 PM IST  1000     37042    1.00    0.00    0.00    0.00    1.00     5      7.00      0.00 2919300   63808   0.40  race-control

# Time        UID       PID    %usr %system  %guest   %wait    %CPU   CPU  minflt/s  majflt/s     VSZ     RSS   %MEM  Command
10:06:24 PM IST  1000     37042    1.00    0.00    0.00    0.00    1.00     5      5.00      0.00 2919300   63808   0.40  race-control

# Time        UID       PID    %usr %system  %guest   %wait    %CPU   CPU  minflt/s  majflt/s     VSZ     RSS   %MEM  Command
10:06:25 PM IST  1000     37042    1.00    0.00    0.00    0.00    1.00     5      6.00      0.00 2919300   63808   0.40  race-control

# Time        UID       PID    %usr %system  %guest   %wait    %CPU   CPU  minflt/s  majflt/s     VSZ     RSS   %MEM  Command
10:06:26 PM IST  1000     37042    3.00    0.00    0.00    0.00    3.00     5      5.00      0.00 2919300   63808   0.40  race-control

# Time        UID       PID    %usr %system  %guest   %wait    %CPU   CPU  minflt/s  majflt/s     VSZ     RSS   %MEM  Command
10:06:27 PM IST  1000     37042    0.00    1.00    0.00    0.00    1.00     5      5.00      0.00 2919300   63808   0.40  race-control

# Time        UID       PID    %usr %system  %guest   %wait    %CPU   CPU  minflt/s  majflt/s     VSZ     RSS   %MEM  Command
10:06:28 PM IST  1000     37042    1.00    0.00    0.00    0.00    1.00     5      5.00      0.00 2919300   63808   0.40  race-control

# Time        UID       PID    %usr %system  %guest   %wait    %CPU   CPU  minflt/s  majflt/s     VSZ     RSS   %MEM  Command
10:06:29 PM IST  1000     37042    1.00    0.00    0.00    0.00    1.00     5      5.00      0.00 2919300   63808   0.40  race-control

# Time        UID       PID    %usr %system  %guest   %wait    %CPU   CPU  minflt/s  majflt/s     VSZ     RSS   %MEM  Command
10:06:30 PM IST  1000     37042    1.00    0.00    0.00    0.00    1.00     5      5.00      0.00 2919300   63808   0.40  race-control

# Time        UID       PID    %usr %system  %guest   %wait    %CPU   CPU  minflt/s  majflt/s     VSZ     RSS   %MEM  Command
10:06:31 PM IST  1000     37042    1.00    0.00    0.00    0.00    1.00     5      6.00      0.00 2919300   63808   0.40  race-control

# Time        UID       PID    %usr %system  %guest   %wait    %CPU   CPU  minflt/s  majflt/s     VSZ     RSS   %MEM  Command
10:06:32 PM IST  1000     37042    1.00    0.00    0.00    0.00    1.00     5      5.00      0.00 2919300   63808   0.40  race-control

# Time        UID       PID    %usr %system  %guest   %wait    %CPU   CPU  minflt/s  majflt/s     VSZ     RSS   %MEM  Command
10:06:33 PM IST  1000     37042    1.00    1.00    0.00    0.00    2.00     5      6.00      0.00 2919300   63808   0.40  race-control

# Time        UID       PID    %usr %system  %guest   %wait    %CPU   CPU  minflt/s  majflt/s     VSZ     RSS   %MEM  Command
10:06:34 PM IST  1000     37042    1.00    0.00    0.00    0.00    1.00     5      5.00      0.00 2919300   63808   0.40  race-control

# Time        UID       PID    %usr %system  %guest   %wait    %CPU   CPU  minflt/s  majflt/s     VSZ     RSS   %MEM  Command
10:06:35 PM IST  1000     37042    1.00    0.00    0.00    0.00    1.00     5      6.00      0.00 2919300   63936   0.40  race-control

# Time        UID       PID    %usr %system  %guest   %wait    %CPU   CPU  minflt/s  majflt/s     VSZ     RSS   %MEM  Command
10:06:36 PM IST  1000     37042    0.00    0.00    0.00    0.00    0.00     5      5.00      0.00 2919300   64064   0.40  race-control

# Time        UID       PID    %usr %system  %guest   %wait    %CPU   CPU  minflt/s  majflt/s     VSZ     RSS   %MEM  Command
10:06:37 PM IST  1000     37042    1.00    0.00    0.00    0.00    1.00     5      6.00      0.00 2919300   64064   0.40  race-control

# Time        UID       PID    %usr %system  %guest   %wait    %CPU   CPU  minflt/s  majflt/s     VSZ     RSS   %MEM  Command
10:06:38 PM IST  1000     37042    2.00    0.00    0.00    0.00    2.00     5      6.00      0.00 2919300   64064   0.40  race-control

# Time        UID       PID    %usr %system  %guest   %wait    %CPU   CPU  minflt/s  majflt/s     VSZ     RSS   %MEM  Command
10:06:39 PM IST  1000     37042    0.00    0.00    0.00    0.00    0.00     5      5.00      0.00 2919300   64064   0.40  race-control

# Time        UID       PID    %usr %system  %guest   %wait    %CPU   CPU  minflt/s  majflt/s     VSZ     RSS   %MEM  Command
10:06:40 PM IST  1000     37042    1.00    1.00    0.00    0.00    2.00     5      5.00      0.00 2919300   64064   0.40  race-control

# Time        UID       PID    %usr %system  %guest   %wait    %CPU   CPU  minflt/s  majflt/s     VSZ     RSS   %MEM  Command
10:06:41 PM IST  1000     37042    3.00    0.00    0.00    0.00    3.00     5     17.00      0.00 2919300   64064   0.40  race-control

# Time        UID       PID    %usr %system  %guest   %wait    %CPU   CPU  minflt/s  majflt/s     VSZ     RSS   %MEM  Command
10:06:42 PM IST  1000     37042    1.00    0.00    0.00    0.00    1.00     5      6.00      0.00 2919300   64064   0.40  race-control

# Time        UID       PID    %usr %system  %guest   %wait    %CPU   CPU  minflt/s  majflt/s     VSZ     RSS   %MEM  Command
10:06:43 PM IST  1000     37042    1.00    0.00    0.00    0.00    1.00     5      6.00      0.00 2919300   64064   0.40  race-control

# Time        UID       PID    %usr %system  %guest   %wait    %CPU   CPU  minflt/s  majflt/s     VSZ     RSS   %MEM  Command
10:06:44 PM IST  1000     37042    0.00    0.00    0.00    0.00    0.00     5      5.00      0.00 2919300   64064   0.40  race-control

# Time        UID       PID    %usr %system  %guest   %wait    %CPU   CPU  minflt/s  majflt/s     VSZ     RSS   %MEM  Command
10:06:45 PM IST  1000     37042    0.99    0.00    0.00    0.00    0.99     5      5.94      0.00 2919300   64064   0.40  race-control

# Time        UID       PID    %usr %system  %guest   %wait    %CPU   CPU  minflt/s  majflt/s     VSZ     RSS   %MEM  Command
10:06:46 PM IST  1000     37042    2.00    0.00    0.00    0.00    2.00     5      6.00      0.00 2919300   64064   0.40  race-control

# Time        UID       PID    %usr %system  %guest   %wait    %CPU   CPU  minflt/s  majflt/s     VSZ     RSS   %MEM  Command
10:06:47 PM IST  1000     37042    1.00    0.00    0.00    0.00    1.00     5      5.00      0.00 2919300   64064   0.40  race-control

# Time        UID       PID    %usr %system  %guest   %wait    %CPU   CPU  minflt/s  majflt/s     VSZ     RSS   %MEM  Command
10:06:48 PM IST  1000     37042    1.00    1.00    0.00    0.00    2.00     5      6.00      0.00 2919300   64192   0.40  race-control

# Time        UID       PID    %usr %system  %guest   %wait    %CPU   CPU  minflt/s  majflt/s     VSZ     RSS   %MEM  Command
10:06:49 PM IST  1000     37042    0.00    0.00    0.00    0.00    0.00     5      6.00      0.00 2919300   64192   0.40  race-control

# Time        UID       PID    %usr %system  %guest   %wait    %CPU   CPU  minflt/s  majflt/s     VSZ     RSS   %MEM  Command
10:06:50 PM IST  1000     37042    1.00    0.00    0.00    0.00    1.00     5      5.00      0.00 2919300   64192   0.40  race-control

# Time        UID       PID    %usr %system  %guest   %wait    %CPU   CPU  minflt/s  majflt/s     VSZ     RSS   %MEM  Command
10:06:51 PM IST  1000     37042    1.00    0.00    0.00    0.00    1.00     5      5.00      0.00 2919300   64192   0.40  race-control

# Time        UID       PID    %usr %system  %guest   %wait    %CPU   CPU  minflt/s  majflt/s     VSZ     RSS   %MEM  Command
10:06:52 PM IST  1000     37042    1.00    0.00    0.00    0.00    1.00     5      6.00      0.00 2919300   64192   0.40  race-control

# Time        UID       PID    %usr %system  %guest   %wait    %CPU   CPU  minflt/s  majflt/s     VSZ     RSS   %MEM  Command
10:06:53 PM IST  1000     37042    1.00    0.00    0.00    0.00    1.00     5      5.00      0.00 2919300   64192   0.40  race-control

# Time        UID       PID    %usr %system  %guest   %wait    %CPU   CPU  minflt/s  majflt/s     VSZ     RSS   %MEM  Command
10:06:54 PM IST  1000     37042    1.00    0.00    0.00    0.00    1.00     5      5.00      0.00 2919300   64192   0.40  race-control

# Time        UID       PID    %usr %system  %guest   %wait    %CPU   CPU  minflt/s  majflt/s     VSZ     RSS   %MEM  Command
10:06:55 PM IST  1000     37042    1.00    0.00    0.00    0.00    1.00     5      6.00      0.00 2919300   64192   0.40  race-control

# Time        UID       PID    %usr %system  %guest   %wait    %CPU   CPU  minflt/s  majflt/s     VSZ     RSS   %MEM  Command
10:06:56 PM IST  1000     37042    3.00    0.00    0.00    0.00    3.00     5     36.00      0.00 2919300   64192   0.40  race-control

# Time        UID       PID    %usr %system  %guest   %wait    %CPU   CPU  minflt/s  majflt/s     VSZ     RSS   %MEM  Command
10:06:57 PM IST  1000     37042    1.00    0.00    0.00    0.00    1.00     5      5.00      0.00 2919300   64320   0.40  race-control

# Time        UID       PID    %usr %system  %guest   %wait    %CPU   CPU  minflt/s  majflt/s     VSZ     RSS   %MEM  Command
10:06:58 PM IST  1000     37042    1.00    0.00    0.00    0.00    1.00     5      5.00      0.00 2919300   64320   0.40  race-control

# Time        UID       PID    %usr %system  %guest   %wait    %CPU   CPU  minflt/s  majflt/s     VSZ     RSS   %MEM  Command
10:06:59 PM IST  1000     37042    1.00    0.00    0.00    0.00    1.00     5      6.00      0.00 2919300   64320   0.40  race-control

# Time        UID       PID    %usr %system  %guest   %wait    %CPU   CPU  minflt/s  majflt/s     VSZ     RSS   %MEM  Command
10:07:00 PM IST  1000     37042    1.00    1.00    0.00    0.00    2.00     5      5.00      0.00 2919300   64320   0.40  race-control

# Time        UID       PID    %usr %system  %guest   %wait    %CPU   CPU  minflt/s  majflt/s     VSZ     RSS   %MEM  Command
10:07:01 PM IST  1000     37042    1.00    0.00    0.00    0.00    1.00     5      6.00      0.00 2919300   64320   0.40  race-control

# Time        UID       PID    %usr %system  %guest   %wait    %CPU   CPU  minflt/s  majflt/s     VSZ     RSS   %MEM  Command
10:07:02 PM IST  1000     37042    1.00    0.00    0.00    0.00    1.00     5      5.00      0.00 2919300   64448   0.40  race-control

# Time        UID       PID    %usr %system  %guest   %wait    %CPU   CPU  minflt/s  majflt/s     VSZ     RSS   %MEM  Command
10:07:03 PM IST  1000     37042    1.00    0.00    0.00    0.00    1.00     5      6.00      0.00 2919300   64448   0.40  race-control

# Time        UID       PID    %usr %system  %guest   %wait    %CPU   CPU  minflt/s  majflt/s     VSZ     RSS   %MEM  Command
10:07:04 PM IST  1000     37042    2.00    0.00    0.00    0.00    2.00     5      5.00      0.00 2919300   64448   0.40  race-control

# Time        UID       PID    %usr %system  %guest   %wait    %CPU   CPU  minflt/s  majflt/s     VSZ     RSS   %MEM  Command
10:07:05 PM IST  1000     37042    1.00    0.00    0.00    0.00    1.00     5      6.00      0.00 2919300   64448   0.40  race-control

# Time        UID       PID    %usr %system  %guest   %wait    %CPU   CPU  minflt/s  majflt/s     VSZ     RSS   %MEM  Command
10:07:06 PM IST  1000     37042    1.00    0.00    0.00    0.00    1.00     5      7.00      0.00 2919300   64448   0.40  race-control

# Time        UID       PID    %usr %system  %guest   %wait    %CPU   CPU  minflt/s  majflt/s     VSZ     RSS   %MEM  Command
10:07:07 PM IST  1000     37042    1.00    0.00    0.00    0.00    1.00     5      5.00      0.00 2919300   64448   0.40  race-control

# Time        UID       PID    %usr %system  %guest   %wait    %CPU   CPU  minflt/s  majflt/s     VSZ     RSS   %MEM  Command
10:07:08 PM IST  1000     37042    1.00    0.00    0.00    0.00    1.00     5      4.00      0.00 2919300   64448   0.40  race-control

# Time        UID       PID    %usr %system  %guest   %wait    %CPU   CPU  minflt/s  majflt/s     VSZ     RSS   %MEM  Command
10:07:09 PM IST  1000     37042    1.00    0.00    0.00    0.00    1.00     5      6.00      0.00 2919300   64448   0.40  race-control

# Time        UID       PID    %usr %system  %guest   %wait    %CPU   CPU  minflt/s  majflt/s     VSZ     RSS   %MEM  Command
10:07:10 PM IST  1000     37042    2.00    1.00    0.00    0.00    3.00     5      5.00      0.00 2919300   64448   0.40  race-control

# Time        UID       PID    %usr %system  %guest   %wait    %CPU   CPU  minflt/s  majflt/s     VSZ     RSS   %MEM  Command
10:07:11 PM IST  1000     37042    1.00    0.00    0.00    0.00    1.00     5      6.00      0.00 2919300   64576   0.40  race-control

# Time        UID       PID    %usr %system  %guest   %wait    %CPU   CPU  minflt/s  majflt/s     VSZ     RSS   %MEM  Command
10:07:12 PM IST  1000     37042    1.00    0.00    0.00    0.00    1.00     5      5.00      0.00 2919300   64576   0.40  race-control

# Time        UID       PID    %usr %system  %guest   %wait    %CPU   CPU  minflt/s  majflt/s     VSZ     RSS   %MEM  Command
10:07:13 PM IST  1000     37042    1.00    0.00    0.00    0.00    1.00     5      4.00      0.00 2919300   64704   0.41  race-control

# Time        UID       PID    %usr %system  %guest   %wait    %CPU   CPU  minflt/s  majflt/s     VSZ     RSS   %MEM  Command
10:07:14 PM IST  1000     37042    1.00    0.00    0.00    0.00    1.00     5      6.00      0.00 2919300   64704   0.41  race-control

# Time        UID       PID    %usr %system  %guest   %wait    %CPU   CPU  minflt/s  majflt/s     VSZ     RSS   %MEM  Command
10:07:15 PM IST  1000     37042    1.00    0.00    0.00    0.00    1.00     5      6.00      0.00 2919300   64832   0.41  race-control

# Time        UID       PID    %usr %system  %guest   %wait    %CPU   CPU  minflt/s  majflt/s     VSZ     RSS   %MEM  Command
10:07:16 PM IST  1000     37042    1.00    0.00    0.00    0.00    1.00     5      6.00      0.00 2919300   64832   0.41  race-control

# Time        UID       PID    %usr %system  %guest   %wait    %CPU   CPU  minflt/s  majflt/s     VSZ     RSS   %MEM  Command
10:07:17 PM IST  1000     37042    1.00    0.00    0.00    0.00    1.00     5      6.00      0.00 2919300   64832   0.41  race-control

# Time        UID       PID    %usr %system  %guest   %wait    %CPU   CPU  minflt/s  majflt/s     VSZ     RSS   %MEM  Command
10:07:18 PM IST  1000     37042    1.00    0.00    0.00    0.00    1.00     5      5.00      0.00 2919300   64832   0.41  race-control

# Time        UID       PID    %usr %system  %guest   %wait    %CPU   CPU  minflt/s  majflt/s     VSZ     RSS   %MEM  Command
10:07:19 PM IST  1000     37042    1.00    0.00    0.00    0.00    1.00     5      5.00      0.00 2919300   64832   0.41  race-control

# Time        UID       PID    %usr %system  %guest   %wait    %CPU   CPU  minflt/s  majflt/s     VSZ     RSS   %MEM  Command
10:07:20 PM IST  1000     37042    1.00    0.00    0.00    0.00    1.00     5      6.00      0.00 2919300   64832   0.41  race-control

# Time        UID       PID    %usr %system  %guest   %wait    %CPU   CPU  minflt/s  majflt/s     VSZ     RSS   %MEM  Command
10:07:21 PM IST  1000     37042    1.00    1.00    0.00    0.00    2.00     5      5.00      0.00 2919300   64832   0.41  race-control

# Time        UID       PID    %usr %system  %guest   %wait    %CPU   CPU  minflt/s  majflt/s     VSZ     RSS   %MEM  Command
10:07:22 PM IST  1000     37042    1.00    0.00    0.00    0.00    1.00     5      6.00      0.00 2919300   64960   0.41  race-control

# Time        UID       PID    %usr %system  %guest   %wait    %CPU   CPU  minflt/s  majflt/s     VSZ     RSS   %MEM  Command
10:07:23 PM IST  1000     37042    1.00    0.00    0.00    0.00    1.00     5      6.00      0.00 2919300   64960   0.41  race-control

# Time        UID       PID    %usr %system  %guest   %wait    %CPU   CPU  minflt/s  majflt/s     VSZ     RSS   %MEM  Command
10:07:24 PM IST  1000     37042    1.00    0.00    0.00    0.00    1.00     5      6.00      0.00 2919300   65088   0.41  race-control

# Time        UID       PID    %usr %system  %guest   %wait    %CPU   CPU  minflt/s  majflt/s     VSZ     RSS   %MEM  Command
10:07:25 PM IST  1000     37042    3.00    0.00    0.00    0.00    3.00     5      5.00      0.00 2919300   65216   0.41  race-control

# Time        UID       PID    %usr %system  %guest   %wait    %CPU   CPU  minflt/s  majflt/s     VSZ     RSS   %MEM  Command
10:07:26 PM IST  1000     37042    1.00    0.00    0.00    0.00    1.00     5      6.00      0.00 2919300   65344   0.41  race-control

# Time        UID       PID    %usr %system  %guest   %wait    %CPU   CPU  minflt/s  majflt/s     VSZ     RSS   %MEM  Command
10:07:27 PM IST  1000     37042    0.00    0.00    0.00    0.00    0.00     5      4.00      0.00 2919300   65472   0.41  race-control

# Time        UID       PID    %usr %system  %guest   %wait    %CPU   CPU  minflt/s  majflt/s     VSZ     RSS   %MEM  Command
10:07:28 PM IST  1000     37042    1.00    0.00    0.00    0.00    1.00     5      6.00      0.00 2919300   65472   0.41  race-control

# Time        UID       PID    %usr %system  %guest   %wait    %CPU   CPU  minflt/s  majflt/s     VSZ     RSS   %MEM  Command
10:07:29 PM IST  1000     37042    1.00    0.00    0.00    0.00    1.00     5      5.00      0.00 2919300   65472   0.41  race-control

# Time        UID       PID    %usr %system  %guest   %wait    %CPU   CPU  minflt/s  majflt/s     VSZ     RSS   %MEM  Command
10:07:30 PM IST  1000     37042    1.00    0.00    0.00    0.00    1.00     5      4.00      0.00 2919300   65472   0.41  race-control

# Time        UID       PID    %usr %system  %guest   %wait    %CPU   CPU  minflt/s  majflt/s     VSZ     RSS   %MEM  Command
10:07:31 PM IST  1000     37042    1.00    0.00    0.00    0.00    1.00     5      6.00      0.00 2919300   65472   0.41  race-control

# Time        UID       PID    %usr %system  %guest   %wait    %CPU   CPU  minflt/s  majflt/s     VSZ     RSS   %MEM  Command
10:07:32 PM IST  1000     37042    1.00    0.00    0.00    0.00    1.00     5      5.00      0.00 2919300   65600   0.41  race-control

# Time        UID       PID    %usr %system  %guest   %wait    %CPU   CPU  minflt/s  majflt/s     VSZ     RSS   %MEM  Command
10:07:33 PM IST  1000     37042    2.00    0.00    0.00    0.00    2.00     5      6.00      0.00 2919300   65600   0.41  race-control

# Time        UID       PID    %usr %system  %guest   %wait    %CPU   CPU  minflt/s  majflt/s     VSZ     RSS   %MEM  Command
10:07:34 PM IST  1000     37042    0.00    1.00    0.00    0.00    1.00     5      6.00      0.00 2919300   65600   0.41  race-control

# Time        UID       PID    %usr %system  %guest   %wait    %CPU   CPU  minflt/s  majflt/s     VSZ     RSS   %MEM  Command
10:07:35 PM IST  1000     37042    1.00    0.00    0.00    0.00    1.00     5      5.00      0.00 2919300   65600   0.41  race-control

# Time        UID       PID    %usr %system  %guest   %wait    %CPU   CPU  minflt/s  majflt/s     VSZ     RSS   %MEM  Command
10:07:36 PM IST  1000     37042    1.00    0.00    0.00    0.00    1.00     5      5.00      0.00 2919300   65600   0.41  race-control

# Time        UID       PID    %usr %system  %guest   %wait    %CPU   CPU  minflt/s  majflt/s     VSZ     RSS   %MEM  Command
10:07:37 PM IST  1000     37042    1.00    0.00    0.00    0.00    1.00     5      6.00      0.00 2919300   65600   0.41  race-control

# Time        UID       PID    %usr %system  %guest   %wait    %CPU   CPU  minflt/s  majflt/s     VSZ     RSS   %MEM  Command
10:07:38 PM IST  1000     37042    1.00    0.00    0.00    0.00    1.00     5      6.00      0.00 2919300   65600   0.41  race-control

# Time        UID       PID    %usr %system  %guest   %wait    %CPU   CPU  minflt/s  majflt/s     VSZ     RSS   %MEM  Command
10:07:39 PM IST  1000     37042    1.00    0.00    0.00    0.00    1.00     5      5.00      0.00 2919300   65600   0.41  race-control

# Time        UID       PID    %usr %system  %guest   %wait    %CPU   CPU  minflt/s  majflt/s     VSZ     RSS   %MEM  Command
10:07:40 PM IST  1000     37042    3.00    0.00    0.00    0.00    3.00     5      5.00      0.00 2919300   65600   0.41  race-control

# Time        UID       PID    %usr %system  %guest   %wait    %CPU   CPU  minflt/s  majflt/s     VSZ     RSS   %MEM  Command
10:07:41 PM IST  1000     37042    1.00    0.00    0.00    0.00    1.00     5      5.00      0.00 2919300   65600   0.41  race-control

# Time        UID       PID    %usr %system  %guest   %wait    %CPU   CPU  minflt/s  majflt/s     VSZ     RSS   %MEM  Command
10:07:42 PM IST  1000     37042    1.00    1.00    0.00    0.00    2.00     5      6.00      0.00 2919300   65600   0.41  race-control

# Time        UID       PID    %usr %system  %guest   %wait    %CPU   CPU  minflt/s  majflt/s     VSZ     RSS   %MEM  Command
10:07:43 PM IST  1000     37042    1.00    0.00    0.00    0.00    1.00     5      6.00      0.00 2919300   65600   0.41  race-control

# Time        UID       PID    %usr %system  %guest   %wait    %CPU   CPU  minflt/s  majflt/s     VSZ     RSS   %MEM  Command
10:07:44 PM IST  1000     37042    1.00    0.00    0.00    0.00    1.00     5      5.00      0.00 2919300   65600   0.41  race-control

# Time        UID       PID    %usr %system  %guest   %wait    %CPU   CPU  minflt/s  majflt/s     VSZ     RSS   %MEM  Command
10:07:45 PM IST  1000     37042    1.00    0.00    0.00    0.00    1.00     5      6.00      0.00 2919300   65728   0.41  race-control

# Time        UID       PID    %usr %system  %guest   %wait    %CPU   CPU  minflt/s  majflt/s     VSZ     RSS   %MEM  Command
10:07:46 PM IST  1000     37042    1.00    0.00    0.00    0.00    1.00     5      6.00      0.00 2919300   65728   0.41  race-control

# Time        UID       PID    %usr %system  %guest   %wait    %CPU   CPU  minflt/s  majflt/s     VSZ     RSS   %MEM  Command
10:07:47 PM IST  1000     37042    1.00    0.00    0.00    0.00    1.00     5      5.00      0.00 2919300   65728   0.41  race-control

# Time        UID       PID    %usr %system  %guest   %wait    %CPU   CPU  minflt/s  majflt/s     VSZ     RSS   %MEM  Command
10:07:48 PM IST  1000     37042    1.00    0.00    0.00    0.00    1.00     5      6.00      0.00 2919300   65728   0.41  race-control

# Time        UID       PID    %usr %system  %guest   %wait    %CPU   CPU  minflt/s  majflt/s     VSZ     RSS   %MEM  Command
10:07:49 PM IST  1000     37042    1.00    1.00    0.00    0.00    2.00     5      6.00      0.00 2919300   65728   0.41  race-control

# Time        UID       PID    %usr %system  %guest   %wait    %CPU   CPU  minflt/s  majflt/s     VSZ     RSS   %MEM  Command
10:07:50 PM IST  1000     37042    1.00    0.00    0.00    0.00    1.00     5      5.00      0.00 2919300   65728   0.41  race-control

# Time        UID       PID    %usr %system  %guest   %wait    %CPU   CPU  minflt/s  majflt/s     VSZ     RSS   %MEM  Command
10:07:51 PM IST  1000     37042    1.00    0.00    0.00    0.00    1.00     5      6.00      0.00 2919300   65728   0.41  race-control

# Time        UID       PID    %usr %system  %guest   %wait    %CPU   CPU  minflt/s  majflt/s     VSZ     RSS   %MEM  Command
10:07:52 PM IST  1000     37042    1.00    0.00    0.00    0.00    1.00     5      5.00      0.00 2919300   65728   0.41  race-control

# Time        UID       PID    %usr %system  %guest   %wait    %CPU   CPU  minflt/s  majflt/s     VSZ     RSS   %MEM  Command
10:07:53 PM IST  1000     37042    1.00    1.00    0.00    0.00    2.00     5      5.00      0.00 2919300   65856   0.41  race-control

# Time        UID       PID    %usr %system  %guest   %wait    %CPU   CPU  minflt/s  majflt/s     VSZ     RSS   %MEM  Command
10:07:54 PM IST  1000     37042    2.00    0.00    0.00    0.00    2.00     5      6.00      0.00 2919300   65856   0.41  race-control

# Time        UID       PID    %usr %system  %guest   %wait    %CPU   CPU  minflt/s  majflt/s     VSZ     RSS   %MEM  Command
10:07:55 PM IST  1000     37042    1.00    0.00    0.00    0.00    1.00     5      6.00      0.00 2919300   65856   0.41  race-control

# Time        UID       PID    %usr %system  %guest   %wait    %CPU   CPU  minflt/s  majflt/s     VSZ     RSS   %MEM  Command
10:07:56 PM IST  1000     37042    1.00    0.00    0.00    0.00    1.00     5      6.00      0.00 2919300   65856   0.41  race-control

# Time        UID       PID    %usr %system  %guest   %wait    %CPU   CPU  minflt/s  majflt/s     VSZ     RSS   %MEM  Command
10:07:57 PM IST  1000     37042    1.00    0.00    0.00    0.00    1.00     5      5.00      0.00 2919300   65856   0.41  race-control

# Time        UID       PID    %usr %system  %guest   %wait    %CPU   CPU  minflt/s  majflt/s     VSZ     RSS   %MEM  Command
10:07:58 PM IST  1000     37042    1.00    0.00    0.00    0.00    1.00     5      5.00      0.00 2919300   65856   0.41  race-control

# Time        UID       PID    %usr %system  %guest   %wait    %CPU   CPU  minflt/s  majflt/s     VSZ     RSS   %MEM  Command
10:07:59 PM IST  1000     37042    1.00    0.00    0.00    0.00    1.00     5      6.00      0.00 2919300   65856   0.41  race-control

# Time        UID       PID    %usr %system  %guest   %wait    %CPU   CPU  minflt/s  majflt/s     VSZ     RSS   %MEM  Command
10:08:00 PM IST  1000     37042    1.00    1.00    0.00    0.00    2.00     5      5.00      0.00 2919300   65856   0.41  race-control

# Time        UID       PID    %usr %system  %guest   %wait    %CPU   CPU  minflt/s  majflt/s     VSZ     RSS   %MEM  Command
10:08:01 PM IST  1000     37042    1.00    0.00    0.00    0.00    1.00     5      6.00      0.00 2919300   65856   0.41  race-control

# Time        UID       PID    %usr %system  %guest   %wait    %CPU   CPU  minflt/s  majflt/s     VSZ     RSS   %MEM  Command
10:08:02 PM IST  1000     37042    1.00    0.00    0.00    0.00    1.00     5      5.00      0.00 2919300   65856   0.41  race-control

# Time        UID       PID    %usr %system  %guest   %wait    %CPU   CPU  minflt/s  majflt/s     VSZ     RSS   %MEM  Command
10:08:03 PM IST  1000     37042    1.00    0.00    0.00    0.00    1.00     5      6.00      0.00 2919300   65984   0.41  race-control

# Time        UID       PID    %usr %system  %guest   %wait    %CPU   CPU  minflt/s  majflt/s     VSZ     RSS   %MEM  Command
10:08:04 PM IST  1000     37042    1.00    0.00    0.00    0.00    1.00     5      5.00      0.00 2919300   65984   0.41  race-control

# Time        UID       PID    %usr %system  %guest   %wait    %CPU   CPU  minflt/s  majflt/s     VSZ     RSS   %MEM  Command
10:08:05 PM IST  1000     37042    0.00    0.00    0.00    0.00    0.00     5      6.00      0.00 2919300   65984   0.41  race-control

# Time        UID       PID    %usr %system  %guest   %wait    %CPU   CPU  minflt/s  majflt/s     VSZ     RSS   %MEM  Command
10:08:06 PM IST  1000     37042    2.00    1.00    0.00    0.00    3.00     5      6.00      0.00 2919300   65984   0.41  race-control

# Time        UID       PID    %usr %system  %guest   %wait    %CPU   CPU  minflt/s  majflt/s     VSZ     RSS   %MEM  Command
10:08:07 PM IST  1000     37042    0.00    0.00    0.00    0.00    0.00     5      6.00      0.00 2919300   65984   0.41  race-control

# Time        UID       PID    %usr %system  %guest   %wait    %CPU   CPU  minflt/s  majflt/s     VSZ     RSS   %MEM  Command
10:08:08 PM IST  1000     37042    3.00    0.00    0.00    0.00    3.00     5      4.00      0.00 2919300   65984   0.41  race-control

# Time        UID       PID    %usr %system  %guest   %wait    %CPU   CPU  minflt/s  majflt/s     VSZ     RSS   %MEM  Command
10:08:09 PM IST  1000     37042    1.00    0.00    0.00    0.00    1.00     5      5.00      0.00 2919300   65984   0.41  race-control

# Time        UID       PID    %usr %system  %guest   %wait    %CPU   CPU  minflt/s  majflt/s     VSZ     RSS   %MEM  Command
10:08:10 PM IST  1000     37042    1.00    0.00    0.00    0.00    1.00     5      6.00      0.00 2919300   65984   0.41  race-control

# Time        UID       PID    %usr %system  %guest   %wait    %CPU   CPU  minflt/s  majflt/s     VSZ     RSS   %MEM  Command
10:08:11 PM IST  1000     37042    0.00    0.00    0.00    0.00    0.00     5      6.00      0.00 2919300   66112   0.41  race-control

# Time        UID       PID    %usr %system  %guest   %wait    %CPU   CPU  minflt/s  majflt/s     VSZ     RSS   %MEM  Command
10:08:12 PM IST  1000     37042    1.00    1.00    0.00    0.00    2.00     5      4.00      0.00 2919300   66112   0.41  race-control

# Time        UID       PID    %usr %system  %guest   %wait    %CPU   CPU  minflt/s  majflt/s     VSZ     RSS   %MEM  Command
10:08:13 PM IST  1000     37042    1.00    0.00    0.00    0.00    1.00     5      5.00      0.00 2919300   66112   0.41  race-control

# Time        UID       PID    %usr %system  %guest   %wait    %CPU   CPU  minflt/s  majflt/s     VSZ     RSS   %MEM  Command
10:08:14 PM IST  1000     37042    1.00    0.00    0.00    0.00    1.00     5      6.00      0.00 2919300   66368   0.42  race-control

# Time        UID       PID    %usr %system  %guest   %wait    %CPU   CPU  minflt/s  majflt/s     VSZ     RSS   %MEM  Command
10:08:15 PM IST  1000     37042    1.00    0.00    0.00    0.00    1.00     5      5.00      0.00 2919300   66368   0.42  race-control

# Time        UID       PID    %usr %system  %guest   %wait    %CPU   CPU  minflt/s  majflt/s     VSZ     RSS   %MEM  Command
10:08:16 PM IST  1000     37042    1.00    0.00    0.00    0.00    1.00     5      7.00      0.00 2919300   66368   0.42  race-control

# Time        UID       PID    %usr %system  %guest   %wait    %CPU   CPU  minflt/s  majflt/s     VSZ     RSS   %MEM  Command
10:08:17 PM IST  1000     37042    1.00    0.00    0.00    0.00    1.00     5      6.00      0.00 2919300   66368   0.42  race-control

# Time        UID       PID    %usr %system  %guest   %wait    %CPU   CPU  minflt/s  majflt/s     VSZ     RSS   %MEM  Command
10:08:18 PM IST  1000     37042    1.00    0.00    0.00    0.00    1.00     5      5.00      0.00 2919300   66496   0.42  race-control

# Time        UID       PID    %usr %system  %guest   %wait    %CPU   CPU  minflt/s  majflt/s     VSZ     RSS   %MEM  Command
10:08:19 PM IST  1000     37042    1.00    1.00    0.00    0.00    2.00     5      5.00      0.00 2919300   66496   0.42  race-control

# Time        UID       PID    %usr %system  %guest   %wait    %CPU   CPU  minflt/s  majflt/s     VSZ     RSS   %MEM  Command
10:08:20 PM IST  1000     37042    1.00    0.00    0.00    0.00    1.00     5      5.00      0.00 2919300   66496   0.42  race-control

# Time        UID       PID    %usr %system  %guest   %wait    %CPU   CPU  minflt/s  majflt/s     VSZ     RSS   %MEM  Command
10:08:21 PM IST  1000     37042    1.00    0.00    0.00    0.00    1.00     5      6.00      0.00 2919300   66496   0.42  race-control

# Time        UID       PID    %usr %system  %guest   %wait    %CPU   CPU  minflt/s  majflt/s     VSZ     RSS   %MEM  Command
10:08:22 PM IST  1000     37042    2.00    0.00    0.00    0.00    2.00     5      5.00      0.00 2919300   66496   0.42  race-control

# Time        UID       PID    %usr %system  %guest   %wait    %CPU   CPU  minflt/s  majflt/s     VSZ     RSS   %MEM  Command
10:08:23 PM IST  1000     37042    2.00    0.00    0.00    0.00    2.00     5      7.00      0.00 2919300   66496   0.42  race-control

# Time        UID       PID    %usr %system  %guest   %wait    %CPU   CPU  minflt/s  majflt/s     VSZ     RSS   %MEM  Command
10:08:24 PM IST  1000     37042    1.00    0.00    0.00    0.00    1.00     5      5.00      0.00 2919300   66496   0.42  race-control

# Time        UID       PID    %usr %system  %guest   %wait    %CPU   CPU  minflt/s  majflt/s     VSZ     RSS   %MEM  Command
10:08:25 PM IST  1000     37042    1.00    0.00    0.00    0.00    1.00     5      6.00      0.00 2919300   66496   0.42  race-control

# Time        UID       PID    %usr %system  %guest   %wait    %CPU   CPU  minflt/s  majflt/s     VSZ     RSS   %MEM  Command
10:08:26 PM IST  1000     37042    1.00    0.00    0.00    0.00    1.00     5      6.00      0.00 2919300   66496   0.42  race-control

# Time        UID       PID    %usr %system  %guest   %wait    %CPU   CPU  minflt/s  majflt/s     VSZ     RSS   %MEM  Command
10:08:27 PM IST  1000     37042    1.00    0.00    0.00    0.00    1.00     5      4.00      0.00 2919300   66496   0.42  race-control

# Time        UID       PID    %usr %system  %guest   %wait    %CPU   CPU  minflt/s  majflt/s     VSZ     RSS   %MEM  Command
10:08:28 PM IST  1000     37042    1.00    1.00    0.00    0.00    2.00     5      6.00      0.00 2919300   66496   0.42  race-control

# Time        UID       PID    %usr %system  %guest   %wait    %CPU   CPU  minflt/s  majflt/s     VSZ     RSS   %MEM  Command
10:08:29 PM IST  1000     37042    1.00    0.00    0.00    0.00    1.00     5      5.00      0.00 2919300   66496   0.42  race-control

# Time        UID       PID    %usr %system  %guest   %wait    %CPU   CPU  minflt/s  majflt/s     VSZ     RSS   %MEM  Command
10:08:30 PM IST  1000     37042    0.00    0.00    0.00    0.00    0.00     5      4.00      0.00 2919300   66496   0.42  race-control

# Time        UID       PID    %usr %system  %guest   %wait    %CPU   CPU  minflt/s  majflt/s     VSZ     RSS   %MEM  Command
10:08:31 PM IST  1000     37042    2.00    0.00    0.00    0.00    2.00     5      6.00      0.00 2919300   66496   0.42  race-control

# Time        UID       PID    %usr %system  %guest   %wait    %CPU   CPU  minflt/s  majflt/s     VSZ     RSS   %MEM  Command
10:08:32 PM IST  1000     37042    1.00    0.00    0.00    0.00    1.00     5      5.00      0.00 2919300   66496   0.42  race-control

# Time        UID       PID    %usr %system  %guest   %wait    %CPU   CPU  minflt/s  majflt/s     VSZ     RSS   %MEM  Command
10:08:33 PM IST  1000     37042    1.00    0.00    0.00    0.00    1.00     5      6.00      0.00 2919300   66496   0.42  race-control

# Time        UID       PID    %usr %system  %guest   %wait    %CPU   CPU  minflt/s  majflt/s     VSZ     RSS   %MEM  Command
10:08:34 PM IST  1000     37042    1.00    0.00    0.00    0.00    1.00     5      6.00      0.00 2919300   66496   0.42  race-control

# Time        UID       PID    %usr %system  %guest   %wait    %CPU   CPU  minflt/s  majflt/s     VSZ     RSS   %MEM  Command
10:08:35 PM IST  1000     37042    1.00    0.00    0.00    0.00    1.00     5      5.00      0.00 2919300   66496   0.42  race-control

# Time        UID       PID    %usr %system  %guest   %wait    %CPU   CPU  minflt/s  majflt/s     VSZ     RSS   %MEM  Command
10:08:36 PM IST  1000     37042    1.00    1.00    0.00    0.00    2.00     5      6.00      0.00 2919300   66624   0.42  race-control

# Time        UID       PID    %usr %system  %guest   %wait    %CPU   CPU  minflt/s  majflt/s     VSZ     RSS   %MEM  Command
10:08:37 PM IST  1000     37042    2.00    0.00    0.00    0.00    2.00     5      7.00      0.00 2919300   66624   0.42  race-control

# Time        UID       PID    %usr %system  %guest   %wait    %CPU   CPU  minflt/s  majflt/s     VSZ     RSS   %MEM  Command
10:08:38 PM IST  1000     37042    1.00    0.00    0.00    0.00    1.00     5      6.00      0.00 2919300   66624   0.42  race-control

# Time        UID       PID    %usr %system  %guest   %wait    %CPU   CPU  minflt/s  majflt/s     VSZ     RSS   %MEM  Command
10:08:39 PM IST  1000     37042    1.00    0.00    0.00    0.00    1.00     5      5.00      0.00 2919300   66624   0.42  race-control

# Time        UID       PID    %usr %system  %guest   %wait    %CPU   CPU  minflt/s  majflt/s     VSZ     RSS   %MEM  Command
10:08:40 PM IST  1000     37042    1.00    0.00    0.00    0.00    1.00     5      6.00      0.00 2919300   66624   0.42  race-control

# Time        UID       PID    %usr %system  %guest   %wait    %CPU   CPU  minflt/s  majflt/s     VSZ     RSS   %MEM  Command
10:08:41 PM IST  1000     37042    1.00    0.00    0.00    0.00    1.00     5      5.00      0.00 2919300   66624   0.42  race-control

# Time        UID       PID    %usr %system  %guest   %wait    %CPU   CPU  minflt/s  majflt/s     VSZ     RSS   %MEM  Command
10:08:42 PM IST  1000     37042    0.00    0.00    0.00    0.00    0.00     5      4.95      0.00 2919300   66624   0.42  race-control

# Time        UID       PID    %usr %system  %guest   %wait    %CPU   CPU  minflt/s  majflt/s     VSZ     RSS   %MEM  Command
10:08:43 PM IST  1000     37042    2.00    1.00    0.00    0.00    3.00     5      6.00      0.00 2919300   66624   0.42  race-control

# Time        UID       PID    %usr %system  %guest   %wait    %CPU   CPU  minflt/s  majflt/s     VSZ     RSS   %MEM  Command
10:08:44 PM IST  1000     37042    0.00    0.00    0.00    0.00    0.00     5      6.00      0.00 2919300   66624   0.42  race-control

# Time        UID       PID    %usr %system  %guest   %wait    %CPU   CPU  minflt/s  majflt/s     VSZ     RSS   %MEM  Command
10:08:45 PM IST  1000     37042    1.00    0.00    0.00    0.00    1.00     5      6.00      0.00 2919300   66624   0.42  race-control

# Time        UID       PID    %usr %system  %guest   %wait    %CPU   CPU  minflt/s  majflt/s     VSZ     RSS   %MEM  Command
10:08:46 PM IST  1000     37042    1.00    0.00    0.00    0.00    1.00     5      6.00      0.00 2919300   66624   0.42  race-control

# Time        UID       PID    %usr %system  %guest   %wait    %CPU   CPU  minflt/s  majflt/s     VSZ     RSS   %MEM  Command
10:08:47 PM IST  1000     37042    1.00    0.00    0.00    0.00    1.00     5      5.00      0.00 2919300   66624   0.42  race-control

# Time        UID       PID    %usr %system  %guest   %wait    %CPU   CPU  minflt/s  majflt/s     VSZ     RSS   %MEM  Command
10:08:48 PM IST  1000     37042    1.00    0.00    0.00    0.00    1.00     5      6.00      0.00 2919300   66624   0.42  race-control

# Time        UID       PID    %usr %system  %guest   %wait    %CPU   CPU  minflt/s  majflt/s     VSZ     RSS   %MEM  Command
10:08:49 PM IST  1000     37042    1.00    0.00    0.00    0.00    1.00     5      6.00      0.00 2919300   66624   0.42  race-control

# Time        UID       PID    %usr %system  %guest   %wait    %CPU   CPU  minflt/s  majflt/s     VSZ     RSS   %MEM  Command
10:08:50 PM IST  1000     37042    1.00    0.00    0.00    0.00    1.00     5      5.00      0.00 2919300   66624   0.42  race-control

# Time        UID       PID    %usr %system  %guest   %wait    %CPU   CPU  minflt/s  majflt/s     VSZ     RSS   %MEM  Command
10:08:51 PM IST  1000     37042    3.00    1.00    0.00    0.00    4.00     5      6.00      0.00 2919300   66752   0.42  race-control

# Time        UID       PID    %usr %system  %guest   %wait    %CPU   CPU  minflt/s  majflt/s     VSZ     RSS   %MEM  Command
10:08:52 PM IST  1000     37042    0.00    0.00    0.00    0.00    0.00     5      6.00      0.00 2919300   66880   0.42  race-control

# Time        UID       PID    %usr %system  %guest   %wait    %CPU   CPU  minflt/s  majflt/s     VSZ     RSS   %MEM  Command
10:08:53 PM IST  1000     37042    1.00    0.00    0.00    0.00    1.00     5      5.00      0.00 2919300   66880   0.42  race-control

# Time        UID       PID    %usr %system  %guest   %wait    %CPU   CPU  minflt/s  majflt/s     VSZ     RSS   %MEM  Command
10:08:54 PM IST  1000     37042    1.00    0.00    0.00    0.00    1.00     5      5.00      0.00 2919300   66880   0.42  race-control

# Time        UID       PID    %usr %system  %guest   %wait    %CPU   CPU  minflt/s  majflt/s     VSZ     RSS   %MEM  Command
10:08:55 PM IST  1000     37042    1.00    0.00    0.00    0.00    1.00     5      6.00      0.00 2919300   67008   0.42  race-control

# Time        UID       PID    %usr %system  %guest   %wait    %CPU   CPU  minflt/s  majflt/s     VSZ     RSS   %MEM  Command
10:08:56 PM IST  1000     37042    1.00    0.00    0.00    0.00    1.00     5      6.00      0.00 2919300   67136   0.42  race-control

# Time        UID       PID    %usr %system  %guest   %wait    %CPU   CPU  minflt/s  majflt/s     VSZ     RSS   %MEM  Command
10:08:57 PM IST  1000     37042    2.00    0.00    0.00    0.00    2.00     5      5.00      0.00 2919300   67136   0.42  race-control

# Time        UID       PID    %usr %system  %guest   %wait    %CPU   CPU  minflt/s  majflt/s     VSZ     RSS   %MEM  Command
10:08:58 PM IST  1000     37042    0.00    0.00    0.00    0.00    0.00     5      5.00      0.00 2919300   67136   0.42  race-control

# Time        UID       PID    %usr %system  %guest   %wait    %CPU   CPU  minflt/s  majflt/s     VSZ     RSS   %MEM  Command
10:08:59 PM IST  1000     37042    1.00    0.00    0.00    0.00    1.00     5      6.00      0.00 2919300   67136   0.42  race-control

# Time        UID       PID    %usr %system  %guest   %wait    %CPU   CPU  minflt/s  majflt/s     VSZ     RSS   %MEM  Command
10:09:00 PM IST  1000     37042    2.00    1.00    0.00    0.00    3.00     5      5.00      0.00 2919300   67264   0.42  race-control

# Time        UID       PID    %usr %system  %guest   %wait    %CPU   CPU  minflt/s  majflt/s     VSZ     RSS   %MEM  Command
10:09:01 PM IST  1000     37042    1.00    0.00    0.00    0.00    1.00     5      6.00      0.00 2919300   67264   0.42  race-control

# Time        UID       PID    %usr %system  %guest   %wait    %CPU   CPU  minflt/s  majflt/s     VSZ     RSS   %MEM  Command
10:09:02 PM IST  1000     37042    1.00    0.00    0.00    0.00    1.00     5      5.00      0.00 2919300   67264   0.42  race-control

# Time        UID       PID    %usr %system  %guest   %wait    %CPU   CPU  minflt/s  majflt/s     VSZ     RSS   %MEM  Command
10:09:03 PM IST  1000     37042    0.00    0.00    0.00    0.00    0.00     5      6.00      0.00 2919300   67264   0.42  race-control

# Time        UID       PID    %usr %system  %guest   %wait    %CPU   CPU  minflt/s  majflt/s     VSZ     RSS   %MEM  Command
10:09:04 PM IST  1000     37042    1.00    0.00    0.00    0.00    1.00     5      5.00      0.00 2919300   67264   0.42  race-control

# Time        UID       PID    %usr %system  %guest   %wait    %CPU   CPU  minflt/s  majflt/s     VSZ     RSS   %MEM  Command
10:09:05 PM IST  1000     37042    3.00    0.00    0.00    0.00    3.00     5      7.00      0.00 2919300   67264   0.42  race-control

# Time        UID       PID    %usr %system  %guest   %wait    %CPU   CPU  minflt/s  majflt/s     VSZ     RSS   %MEM  Command
10:09:06 PM IST  1000     37042    1.00    0.00    0.00    0.00    1.00     5      6.00      0.00 2919300   67264   0.42  race-control

# Time        UID       PID    %usr %system  %guest   %wait    %CPU   CPU  minflt/s  majflt/s     VSZ     RSS   %MEM  Command
10:09:07 PM IST  1000     37042    1.00    1.00    0.00    0.00    2.00     5      6.00      0.00 2919300   67264   0.42  race-control

# Time        UID       PID    %usr %system  %guest   %wait    %CPU   CPU  minflt/s  majflt/s     VSZ     RSS   %MEM  Command
10:09:08 PM IST  1000     37042    1.00    0.00    0.00    0.00    1.00     5      4.00      0.00 2919300   67264   0.42  race-control

# Time        UID       PID    %usr %system  %guest   %wait    %CPU   CPU  minflt/s  majflt/s     VSZ     RSS   %MEM  Command
10:09:09 PM IST  1000     37042    1.00    0.00    0.00    0.00    1.00     5      5.00      0.00 2919300   67264   0.42  race-control

# Time        UID       PID    %usr %system  %guest   %wait    %CPU   CPU  minflt/s  majflt/s     VSZ     RSS   %MEM  Command
10:09:10 PM IST  1000     37042    1.00    0.00    0.00    0.00    1.00     5      6.00      0.00 2919300   67264   0.42  race-control

# Time        UID       PID    %usr %system  %guest   %wait    %CPU   CPU  minflt/s  majflt/s     VSZ     RSS   %MEM  Command
10:09:11 PM IST  1000     37042    1.00    0.00    0.00    0.00    1.00     5      5.00      0.00 2919300   67264   0.42  race-control

# Time        UID       PID    %usr %system  %guest   %wait    %CPU   CPU  minflt/s  majflt/s     VSZ     RSS   %MEM  Command
10:09:12 PM IST  1000     37042    1.00    0.00    0.00    0.00    1.00     5      5.00      0.00 2919300   67264   0.42  race-control

# Time        UID       PID    %usr %system  %guest   %wait    %CPU   CPU  minflt/s  majflt/s     VSZ     RSS   %MEM  Command
10:09:13 PM IST  1000     37042    1.00    0.00    0.00    0.00    1.00     5      5.00      0.00 2919300   67392   0.42  race-control

# Time        UID       PID    %usr %system  %guest   %wait    %CPU   CPU  minflt/s  majflt/s     VSZ     RSS   %MEM  Command
10:09:14 PM IST  1000     37042    1.00    0.00    0.00    0.00    1.00     5      6.00      0.00 2919300   67392   0.42  race-control

# Time        UID       PID    %usr %system  %guest   %wait    %CPU   CPU  minflt/s  majflt/s     VSZ     RSS   %MEM  Command
10:09:15 PM IST  1000     37042    1.00    1.00    0.00    0.00    2.00     5      6.00      0.00 2919300   67520   0.42  race-control

# Time        UID       PID    %usr %system  %guest   %wait    %CPU   CPU  minflt/s  majflt/s     VSZ     RSS   %MEM  Command
10:09:16 PM IST  1000     37042    1.00    0.00    0.00    0.00    1.00     5      6.00      0.00 2919300   67520   0.42  race-control

# Time        UID       PID    %usr %system  %guest   %wait    %CPU   CPU  minflt/s  majflt/s     VSZ     RSS   %MEM  Command
10:09:17 PM IST  1000     37042    1.00    0.00    0.00    0.00    1.00     5      6.00      0.00 2919300   67520   0.42  race-control

# Time        UID       PID    %usr %system  %guest   %wait    %CPU   CPU  minflt/s  majflt/s     VSZ     RSS   %MEM  Command
10:09:18 PM IST  1000     37042    1.00    0.00    0.00    0.00    1.00     5      5.00      0.00 2919300   67520   0.42  race-control

# Time        UID       PID    %usr %system  %guest   %wait    %CPU   CPU  minflt/s  majflt/s     VSZ     RSS   %MEM  Command
10:09:19 PM IST  1000     37042    1.00    0.00    0.00    0.00    1.00     5      5.00      0.00 2919300   67520   0.42  race-control

# Time        UID       PID    %usr %system  %guest   %wait    %CPU   CPU  minflt/s  majflt/s     VSZ     RSS   %MEM  Command
10:09:20 PM IST  1000     37042    3.00    0.00    0.00    0.00    3.00     5      8.00      0.00 2919300   67648   0.42  race-control

# Time        UID       PID    %usr %system  %guest   %wait    %CPU   CPU  minflt/s  majflt/s     VSZ     RSS   %MEM  Command
10:09:21 PM IST  1000     37042    1.00    1.00    0.00    0.00    2.00     5      9.00      0.00 2919300   67648   0.42  race-control

# Time        UID       PID    %usr %system  %guest   %wait    %CPU   CPU  minflt/s  majflt/s     VSZ     RSS   %MEM  Command
10:09:22 PM IST  1000     37042    1.00    0.00    0.00    0.00    1.00     5     14.00      0.00 2919300   67776   0.42  race-control

# Time        UID       PID    %usr %system  %guest   %wait    %CPU   CPU  minflt/s  majflt/s     VSZ     RSS   %MEM  Command
10:09:23 PM IST  1000     37042    1.00    0.00    0.00    0.00    1.00     5     28.00      0.00 2919300   68032   0.43  race-control

# Time        UID       PID    %usr %system  %guest   %wait    %CPU   CPU  minflt/s  majflt/s     VSZ     RSS   %MEM  Command
10:09:24 PM IST  1000     37042    0.00    0.00    0.00    0.00    0.00     5     31.00      0.00 2919300   68160   0.43  race-control

# Time        UID       PID    %usr %system  %guest   %wait    %CPU   CPU  minflt/s  majflt/s     VSZ     RSS   %MEM  Command
10:09:25 PM IST  1000     37042    1.00    0.00    0.00    0.00    1.00     5     20.00      0.00 2919300   68160   0.43  race-control

# Time        UID       PID    %usr %system  %guest   %wait    %CPU   CPU  minflt/s  majflt/s     VSZ     RSS   %MEM  Command
10:09:26 PM IST  1000     37042    1.00    0.00    0.00    0.00    1.00     5     59.00      0.00 2919300   68544   0.43  race-control

# Time        UID       PID    %usr %system  %guest   %wait    %CPU   CPU  minflt/s  majflt/s     VSZ     RSS   %MEM  Command
10:09:27 PM IST  1000     37042    1.00    1.00    0.00    0.00    2.00     5      4.00      0.00 2919300   68544   0.43  race-control

# Time        UID       PID    %usr %system  %guest   %wait    %CPU   CPU  minflt/s  majflt/s     VSZ     RSS   %MEM  Command
10:09:28 PM IST  1000     37042    1.00    0.00    0.00    0.00    1.00     5      6.00      0.00 2919300   68544   0.43  race-control

# Time        UID       PID    %usr %system  %guest   %wait    %CPU   CPU  minflt/s  majflt/s     VSZ     RSS   %MEM  Command
10:09:29 PM IST  1000     37042    1.00    0.00    0.00    0.00    1.00     5      5.00      0.00 2919300   68544   0.43  race-control

# Time        UID       PID    %usr %system  %guest   %wait    %CPU   CPU  minflt/s  majflt/s     VSZ     RSS   %MEM  Command
10:09:30 PM IST  1000     37042    1.00    0.00    0.00    0.00    1.00     5      4.00      0.00 2919300   68544   0.43  race-control

# Time        UID       PID    %usr %system  %guest   %wait    %CPU   CPU  minflt/s  majflt/s     VSZ     RSS   %MEM  Command
10:09:31 PM IST  1000     37042    1.00    0.00    0.00    0.00    1.00     5      6.00      0.00 2919300   68544   0.43  race-control

# Time        UID       PID    %usr %system  %guest   %wait    %CPU   CPU  minflt/s  majflt/s     VSZ     RSS   %MEM  Command
10:09:32 PM IST  1000     37042    1.00    0.00    0.00    0.00    1.00     5      6.00      0.00 2919300   68544   0.43  race-control

# Time        UID       PID    %usr %system  %guest   %wait    %CPU   CPU  minflt/s  majflt/s     VSZ     RSS   %MEM  Command
10:09:33 PM IST  1000     37042    1.00    0.00    0.00    0.00    1.00     5      5.00      0.00 2919300   68544   0.43  race-control

# Time        UID       PID    %usr %system  %guest   %wait    %CPU   CPU  minflt/s  majflt/s     VSZ     RSS   %MEM  Command
10:09:34 PM IST  1000     37042    1.00    0.00    0.00    0.00    1.00     5      6.00      0.00 2919300   68544   0.43  race-control

# Time        UID       PID    %usr %system  %guest   %wait    %CPU   CPU  minflt/s  majflt/s     VSZ     RSS   %MEM  Command
10:09:35 PM IST  1000     37042    3.00    1.00    0.00    0.00    4.00     5     29.00      0.00 2919300   68672   0.43  race-control

# Time        UID       PID    %usr %system  %guest   %wait    %CPU   CPU  minflt/s  majflt/s     VSZ     RSS   %MEM  Command
10:09:36 PM IST  1000     37042    1.00    0.00    0.00    0.00    1.00     5      6.00      0.00 2919300   68800   0.43  race-control

# Time        UID       PID    %usr %system  %guest   %wait    %CPU   CPU  minflt/s  majflt/s     VSZ     RSS   %MEM  Command
10:09:37 PM IST  1000     37042    1.00    0.00    0.00    0.00    1.00     5      5.00      0.00 2919300   68800   0.43  race-control

# Time        UID       PID    %usr %system  %guest   %wait    %CPU   CPU  minflt/s  majflt/s     VSZ     RSS   %MEM  Command
10:09:38 PM IST  1000     37042    1.00    0.00    0.00    0.00    1.00     5      6.00      0.00 2919300   68800   0.43  race-control

# Time        UID       PID    %usr %system  %guest   %wait    %CPU   CPU  minflt/s  majflt/s     VSZ     RSS   %MEM  Command
10:09:39 PM IST  1000     37042    1.00    0.00    0.00    0.00    1.00     5      6.00      0.00 2919300   68800   0.43  race-control

# Time        UID       PID    %usr %system  %guest   %wait    %CPU   CPU  minflt/s  majflt/s     VSZ     RSS   %MEM  Command
10:09:40 PM IST  1000     37042    1.00    0.00    0.00    0.00    1.00     5      5.00      0.00 2919300   68800   0.43  race-control

# Time        UID       PID    %usr %system  %guest   %wait    %CPU   CPU  minflt/s  majflt/s     VSZ     RSS   %MEM  Command
10:09:41 PM IST  1000     37042    1.00    0.00    0.00    0.00    1.00     5      5.00      0.00 2919300   68800   0.43  race-control

# Time        UID       PID    %usr %system  %guest   %wait    %CPU   CPU  minflt/s  majflt/s     VSZ     RSS   %MEM  Command
10:09:42 PM IST  1000     37042    1.00    0.00    0.00    0.00    1.00     5      5.00      0.00 2919300   68928   0.43  race-control

# Time        UID       PID    %usr %system  %guest   %wait    %CPU   CPU  minflt/s  majflt/s     VSZ     RSS   %MEM  Command
10:09:43 PM IST  1000     37042    1.00    0.00    0.00    0.00    1.00     5      7.00      0.00 2919300   68928   0.43  race-control

# Time        UID       PID    %usr %system  %guest   %wait    %CPU   CPU  minflt/s  majflt/s     VSZ     RSS   %MEM  Command
10:09:44 PM IST  1000     37042    1.00    0.00    0.00    0.00    1.00     5      5.00      0.00 2919300   68928   0.43  race-control

# Time        UID       PID    %usr %system  %guest   %wait    %CPU   CPU  minflt/s  majflt/s     VSZ     RSS   %MEM  Command
10:09:45 PM IST  1000     37042    1.00    0.00    0.00    0.00    1.00     5      6.00      0.00 2919300   68928   0.43  race-control

# Time        UID       PID    %usr %system  %guest   %wait    %CPU   CPU  minflt/s  majflt/s     VSZ     RSS   %MEM  Command
10:09:46 PM IST  1000     37042    1.00    1.00    0.00    0.00    2.00     5      5.00      0.00 2919300   68928   0.43  race-control

# Time        UID       PID    %usr %system  %guest   %wait    %CPU   CPU  minflt/s  majflt/s     VSZ     RSS   %MEM  Command
10:09:47 PM IST  1000     37042    1.00    0.00    0.00    0.00    1.00     5      6.00      0.00 2919300   68928   0.43  race-control

# Time        UID       PID    %usr %system  %guest   %wait    %CPU   CPU  minflt/s  majflt/s     VSZ     RSS   %MEM  Command
10:09:48 PM IST  1000     37042    1.00    0.00    0.00    0.00    1.00     5      6.00      0.00 2919300   68928   0.43  race-control

# Time        UID       PID    %usr %system  %guest   %wait    %CPU   CPU  minflt/s  majflt/s     VSZ     RSS   %MEM  Command
10:09:49 PM IST  1000     37042    1.00    0.00    0.00    0.00    1.00     5      5.00      0.00 2919300   68928   0.43  race-control

# Time        UID       PID    %usr %system  %guest   %wait    %CPU   CPU  minflt/s  majflt/s     VSZ     RSS   %MEM  Command
10:09:50 PM IST  1000     37042    3.00    0.00    0.00    0.00    3.00     5     30.00      0.00 2919300   68928   0.43  race-control

# Time        UID       PID    %usr %system  %guest   %wait    %CPU   CPU  minflt/s  majflt/s     VSZ     RSS   %MEM  Command
10:09:51 PM IST  1000     37042    1.00    0.00    0.00    0.00    1.00     5      5.00      0.00 2919300   68928   0.43  race-control

# Time        UID       PID    %usr %system  %guest   %wait    %CPU   CPU  minflt/s  majflt/s     VSZ     RSS   %MEM  Command
10:09:52 PM IST  1000     37042    2.00    0.00    0.00    0.00    2.00     5      6.00      0.00 2919300   68928   0.43  race-control

# Time        UID       PID    %usr %system  %guest   %wait    %CPU   CPU  minflt/s  majflt/s     VSZ     RSS   %MEM  Command
10:09:53 PM IST  1000     37042    1.00    0.00    0.00    0.00    1.00     5      5.00      0.00 2919300   68928   0.43  race-control

# Time        UID       PID    %usr %system  %guest   %wait    %CPU   CPU  minflt/s  majflt/s     VSZ     RSS   %MEM  Command
10:09:54 PM IST  1000     37042    1.00    0.00    0.00    0.00    1.00     5      6.00      0.00 2919300   68928   0.43  race-control

# Time        UID       PID    %usr %system  %guest   %wait    %CPU   CPU  minflt/s  majflt/s     VSZ     RSS   %MEM  Command
10:09:55 PM IST  1000     37042    1.00    0.00    0.00    0.00    1.00     5      5.00      0.00 2919300   68928   0.43  race-control

# Time        UID       PID    %usr %system  %guest   %wait    %CPU   CPU  minflt/s  majflt/s     VSZ     RSS   %MEM  Command
10:09:56 PM IST  1000     37042    2.00    0.00    0.00    0.00    2.00     5      6.00      0.00 2919300   68928   0.43  race-control

# Time        UID       PID    %usr %system  %guest   %wait    %CPU   CPU  minflt/s  majflt/s     VSZ     RSS   %MEM  Command
10:09:57 PM IST  1000     37042    1.00    0.00    0.00    0.00    1.00     5      6.00      0.00 2919300   68928   0.43  race-control

# Time        UID       PID    %usr %system  %guest   %wait    %CPU   CPU  minflt/s  majflt/s     VSZ     RSS   %MEM  Command
10:09:58 PM IST  1000     37042    1.00    0.00    0.00    0.00    1.00     5      5.00      0.00 2919300   68928   0.43  race-control

# Time        UID       PID    %usr %system  %guest   %wait    %CPU   CPU  minflt/s  majflt/s     VSZ     RSS   %MEM  Command
10:09:59 PM IST  1000     37042    1.00    1.00    0.00    0.00    2.00     5      5.00      0.00 2919300   68928   0.43  race-control

# Time        UID       PID    %usr %system  %guest   %wait    %CPU   CPU  minflt/s  majflt/s     VSZ     RSS   %MEM  Command
10:10:00 PM IST  1000     37042    1.00    0.00    0.00    0.00    1.00     5      6.00      0.00 2919300   69056   0.43  race-control

# Time        UID       PID    %usr %system  %guest   %wait    %CPU   CPU  minflt/s  majflt/s     VSZ     RSS   %MEM  Command
10:10:01 PM IST  1000     37042    1.00    0.00    0.00    0.00    1.00     5      5.00      0.00 2919300   69056   0.43  race-control

# Time        UID       PID    %usr %system  %guest   %wait    %CPU   CPU  minflt/s  majflt/s     VSZ     RSS   %MEM  Command
10:10:02 PM IST  1000     37042    1.00    0.00    0.00    0.00    1.00     5      6.00      0.00 2919300   69056   0.43  race-control

# Time        UID       PID    %usr %system  %guest   %wait    %CPU   CPU  minflt/s  majflt/s     VSZ     RSS   %MEM  Command
10:10:03 PM IST  1000     37042    3.00    1.00    0.00    0.00    4.00     5      5.00      0.00 2919300   69056   0.43  race-control

# Time        UID       PID    %usr %system  %guest   %wait    %CPU   CPU  minflt/s  majflt/s     VSZ     RSS   %MEM  Command
10:10:04 PM IST  1000     37042    1.00    0.00    0.00    0.00    1.00     5      6.00      0.00 2919300   65164   0.41  race-control

# Time        UID       PID    %usr %system  %guest   %wait    %CPU   CPU  minflt/s  majflt/s     VSZ     RSS   %MEM  Command
10:10:05 PM IST  1000     37042    1.00    0.00    0.00    0.00    1.00     5      5.00      0.00 2919300   65292   0.41  race-control

# Time        UID       PID    %usr %system  %guest   %wait    %CPU   CPU  minflt/s  majflt/s     VSZ     RSS   %MEM  Command
10:10:06 PM IST  1000     37042    1.00    0.00    0.00    0.00    1.00     5      7.00      0.00 2919300   65292   0.41  race-control

# Time        UID       PID    %usr %system  %guest   %wait    %CPU   CPU  minflt/s  majflt/s     VSZ     RSS   %MEM  Command
10:10:07 PM IST  1000     37042    1.00    0.00    0.00    0.00    1.00     5      5.00      0.00 2919300   65292   0.41  race-control

# Time        UID       PID    %usr %system  %guest   %wait    %CPU   CPU  minflt/s  majflt/s     VSZ     RSS   %MEM  Command
10:10:08 PM IST  1000     37042    1.00    0.00    0.00    0.00    1.00     5      5.00      0.00 2919300   65292   0.41  race-control

# Time        UID       PID    %usr %system  %guest   %wait    %CPU   CPU  minflt/s  majflt/s     VSZ     RSS   %MEM  Command
10:10:09 PM IST  1000     37042    0.00    0.00    0.00    0.00    0.00     5      5.00      0.00 2919300   65292   0.41  race-control

# Time        UID       PID    %usr %system  %guest   %wait    %CPU   CPU  minflt/s  majflt/s     VSZ     RSS   %MEM  Command
10:10:10 PM IST  1000     37042    1.00    0.00    0.00    0.00    1.00     5      6.00      0.00 2919300   65292   0.41  race-control

# Time        UID       PID    %usr %system  %guest   %wait    %CPU   CPU  minflt/s  majflt/s     VSZ     RSS   %MEM  Command
10:10:11 PM IST  1000     37042    1.00    0.00    0.00    0.00    1.00     5      5.00      0.00 2919300   65292   0.41  race-control

# Time        UID       PID    %usr %system  %guest   %wait    %CPU   CPU  minflt/s  majflt/s     VSZ     RSS   %MEM  Command
10:10:12 PM IST  1000     37042    1.00    1.00    0.00    0.00    2.00     5      5.00      0.00 2919300   65292   0.41  race-control

# Time        UID       PID    %usr %system  %guest   %wait    %CPU   CPU  minflt/s  majflt/s     VSZ     RSS   %MEM  Command
10:10:13 PM IST  1000     37042    1.00    0.00    0.00    0.00    1.00     5      5.00      0.00 2919300   65292   0.41  race-control

# Time        UID       PID    %usr %system  %guest   %wait    %CPU   CPU  minflt/s  majflt/s     VSZ     RSS   %MEM  Command
10:10:14 PM IST  1000     37042    1.00    0.00    0.00    0.00    1.00     5      6.00      0.00 2919300   65420   0.41  race-control

# Time        UID       PID    %usr %system  %guest   %wait    %CPU   CPU  minflt/s  majflt/s     VSZ     RSS   %MEM  Command
10:10:15 PM IST  1000     37042    1.00    0.00    0.00    0.00    1.00     5      5.00      0.00 2919300   65420   0.41  race-control

# Time        UID       PID    %usr %system  %guest   %wait    %CPU   CPU  minflt/s  majflt/s     VSZ     RSS   %MEM  Command
10:10:16 PM IST  1000     37042    3.00    0.00    0.00    0.00    3.00     5     13.00      0.00 2919300   65420   0.41  race-control

# Time        UID       PID    %usr %system  %guest   %wait    %CPU   CPU  minflt/s  majflt/s     VSZ     RSS   %MEM  Command
10:10:17 PM IST  1000     37042    1.00    0.00    0.00    0.00    1.00     5      6.00      0.00 2919300   65420   0.41  race-control

# Time        UID       PID    %usr %system  %guest   %wait    %CPU   CPU  minflt/s  majflt/s     VSZ     RSS   %MEM  Command
10:10:18 PM IST  1000     37042    1.00    0.00    0.00    0.00    1.00     5      5.00      0.00 2919300   65420   0.41  race-control

# Time        UID       PID    %usr %system  %guest   %wait    %CPU   CPU  minflt/s  majflt/s     VSZ     RSS   %MEM  Command
10:10:19 PM IST  1000     37042    1.00    1.00    0.00    0.00    2.00     5      4.00      0.00 2919300   65420   0.41  race-control

# Time        UID       PID    %usr %system  %guest   %wait    %CPU   CPU  minflt/s  majflt/s     VSZ     RSS   %MEM  Command
10:10:20 PM IST  1000     37042    1.00    0.00    0.00    0.00    1.00     5      6.00      0.00 2919300   65420   0.41  race-control

# Time        UID       PID    %usr %system  %guest   %wait    %CPU   CPU  minflt/s  majflt/s     VSZ     RSS   %MEM  Command
10:10:21 PM IST  1000     37042    1.00    0.00    0.00    0.00    1.00     5      6.00      0.00 2919300   65548   0.41  race-control

# Time        UID       PID    %usr %system  %guest   %wait    %CPU   CPU  minflt/s  majflt/s     VSZ     RSS   %MEM  Command
10:10:22 PM IST  1000     37042    1.00    0.00    0.00    0.00    1.00     5      5.00      0.00 2919300   65548   0.41  race-control

# Time        UID       PID    %usr %system  %guest   %wait    %CPU   CPU  minflt/s  majflt/s     VSZ     RSS   %MEM  Command
10:10:23 PM IST  1000     37042    2.00    0.00    0.00    0.00    2.00     5      7.00      0.00 2919300   65548   0.41  race-control

# Time        UID       PID    %usr %system  %guest   %wait    %CPU   CPU  minflt/s  majflt/s     VSZ     RSS   %MEM  Command
10:10:24 PM IST  1000     37042    1.00    0.00    0.00    0.00    1.00     5      5.00      0.00 2919300   65548   0.41  race-control

# Time        UID       PID    %usr %system  %guest   %wait    %CPU   CPU  minflt/s  majflt/s     VSZ     RSS   %MEM  Command
10:10:25 PM IST  1000     37042    1.00    0.00    0.00    0.00    1.00     5      6.00      0.00 2919300   65804   0.41  race-control

# Time        UID       PID    %usr %system  %guest   %wait    %CPU   CPU  minflt/s  majflt/s     VSZ     RSS   %MEM  Command
10:10:26 PM IST  1000     37042    1.00    0.00    0.00    0.00    1.00     5      5.00      0.00 2919300   65804   0.41  race-control

# Time        UID       PID    %usr %system  %guest   %wait    %CPU   CPU  minflt/s  majflt/s     VSZ     RSS   %MEM  Command
10:10:27 PM IST  1000     37042    1.00    0.00    0.00    0.00    1.00     5      5.00      0.00 2919300   65804   0.41  race-control

# Time        UID       PID    %usr %system  %guest   %wait    %CPU   CPU  minflt/s  majflt/s     VSZ     RSS   %MEM  Command
10:10:28 PM IST  1000     37042    1.00    0.00    0.00    0.00    1.00     5      5.00      0.00 2919300   65804   0.41  race-control

# Time        UID       PID    %usr %system  %guest   %wait    %CPU   CPU  minflt/s  majflt/s     VSZ     RSS   %MEM  Command
10:10:29 PM IST  1000     37042    3.00    1.00    0.00    0.00    4.00     5     15.00      0.00 2919300   65932   0.41  race-control

# Time        UID       PID    %usr %system  %guest   %wait    %CPU   CPU  minflt/s  majflt/s     VSZ     RSS   %MEM  Command
10:10:30 PM IST  1000     37042    1.00    0.00    0.00    0.00    1.00     5      5.00      0.00 2919300   66060   0.41  race-control

# Time        UID       PID    %usr %system  %guest   %wait    %CPU   CPU  minflt/s  majflt/s     VSZ     RSS   %MEM  Command
10:10:31 PM IST  1000     37042    1.00    0.00    0.00    0.00    1.00     5      6.00      0.00 2919300   66060   0.41  race-control

# Time        UID       PID    %usr %system  %guest   %wait    %CPU   CPU  minflt/s  majflt/s     VSZ     RSS   %MEM  Command
10:10:32 PM IST  1000     37042    1.00    0.00    0.00    0.00    1.00     5      5.00      0.00 2919300   66060   0.41  race-control

# Time        UID       PID    %usr %system  %guest   %wait    %CPU   CPU  minflt/s  majflt/s     VSZ     RSS   %MEM  Command
10:10:33 PM IST  1000     37042    1.00    0.00    0.00    0.00    1.00     5      6.00      0.00 2919300   66060   0.41  race-control

# Time        UID       PID    %usr %system  %guest   %wait    %CPU   CPU  minflt/s  majflt/s     VSZ     RSS   %MEM  Command
10:10:34 PM IST  1000     37042    1.00    0.00    0.00    0.00    1.00     5      5.00      0.00 2919300   66060   0.41  race-control

# Time        UID       PID    %usr %system  %guest   %wait    %CPU   CPU  minflt/s  majflt/s     VSZ     RSS   %MEM  Command
10:10:35 PM IST  1000     37042    1.00    0.00    0.00    0.00    1.00     5      6.00      0.00 2919300   66060   0.41  race-control

# Time        UID       PID    %usr %system  %guest   %wait    %CPU   CPU  minflt/s  majflt/s     VSZ     RSS   %MEM  Command
10:10:36 PM IST  1000     37042    1.00    1.00    0.00    0.00    2.00     5      2.00      0.00 2919300   66060   0.41  race-control

# Time        UID       PID    %usr %system  %guest   %wait    %CPU   CPU  minflt/s  majflt/s     VSZ     RSS   %MEM  Command
10:10:37 PM IST  1000     37042    1.00    0.00    0.00    0.00    1.00     5      0.00      0.00 2919300   66060   0.41  race-control

# Time        UID       PID    %usr %system  %guest   %wait    %CPU   CPU  minflt/s  majflt/s     VSZ     RSS   %MEM  Command
10:10:38 PM IST  1000     37042    0.99    0.00    0.00    0.00    0.99     5      0.00      0.00 2919300   66060   0.41  race-control

# Time        UID       PID    %usr %system  %guest   %wait    %CPU   CPU  minflt/s  majflt/s     VSZ     RSS   %MEM  Command
10:10:39 PM IST  1000     37042    1.00    0.00    0.00    0.00    1.00     5      0.00      0.00 2919300   66060   0.41  race-control

# Time        UID       PID    %usr %system  %guest   %wait    %CPU   CPU  minflt/s  majflt/s     VSZ     RSS   %MEM  Command
10:10:40 PM IST  1000     37042    1.00    0.00    0.00    0.00    1.00     5      0.00      0.00 2919300   66060   0.41  race-control

# Time        UID       PID    %usr %system  %guest   %wait    %CPU   CPU  minflt/s  majflt/s     VSZ     RSS   %MEM  Command
10:10:41 PM IST  1000     37042    1.00    0.00    0.00    0.00    1.00     5      0.00      0.00 2919300   66060   0.41  race-control

# Time        UID       PID    %usr %system  %guest   %wait    %CPU   CPU  minflt/s  majflt/s     VSZ     RSS   %MEM  Command
10:10:42 PM IST  1000     37042    1.00    0.00    0.00    0.00    1.00     5      0.00      0.00 2919300   66060   0.41  race-control

# Time        UID       PID    %usr %system  %guest   %wait    %CPU   CPU  minflt/s  majflt/s     VSZ     RSS   %MEM  Command
10:10:43 PM IST  1000     37042    3.00    0.00    0.00    0.00    3.00     5    220.00      0.00 2919300   66828   0.42  race-control

# Time        UID       PID    %usr %system  %guest   %wait    %CPU   CPU  minflt/s  majflt/s     VSZ     RSS   %MEM  Command
10:10:44 PM IST  1000     37042    0.00    0.00    0.00    0.00    0.00     5      0.00      0.00 2919300   66828   0.42  race-control

# Time        UID       PID    %usr %system  %guest   %wait    %CPU   CPU  minflt/s  majflt/s     VSZ     RSS   %MEM  Command
10:10:45 PM IST  1000     37042    1.00    0.00    0.00    0.00    1.00     5      0.00      0.00 2919300   66828   0.42  race-control

# Time        UID       PID    %usr %system  %guest   %wait    %CPU   CPU  minflt/s  majflt/s     VSZ     RSS   %MEM  Command
10:10:46 PM IST  1000     37042    1.00    1.00    0.00    0.00    2.00     5      0.00      0.00 2919300   66828   0.42  race-control

# Time        UID       PID    %usr %system  %guest   %wait    %CPU   CPU  minflt/s  majflt/s     VSZ     RSS   %MEM  Command
10:10:47 PM IST  1000     37042    1.00    0.00    0.00    0.00    1.00     5      0.00      0.00 2919300   66828   0.42  race-control

# Time        UID       PID    %usr %system  %guest   %wait    %CPU   CPU  minflt/s  majflt/s     VSZ     RSS   %MEM  Command
10:10:48 PM IST  1000     37042    1.00    0.00    0.00    0.00    1.00     5      0.00      0.00 2919300   66828   0.42  race-control

# Time        UID       PID    %usr %system  %guest   %wait    %CPU   CPU  minflt/s  majflt/s     VSZ     RSS   %MEM  Command
